Brand name,Email,Subject,Body 1,Body 2,Body 3,Body 4,Attachment Name,Batch / data vintage
Akshayakalpa Organic,support@akshayakalpa.org,"Day 1: ~400 live ads - and a California placeholder address on the landing page
Day 3: The problem with 400 creatives
Day 7: You are turning away B2B demand
Day 14: Closing the file on Akshayakalpa","Hi team,

I audit paid media for food brands from Bengaluru. Your footprint is the biggest I found in this category: ~400 live Google creatives under Akshayakalpa Farms and Foods Pvt Ltd. The product story behind it is world-class - 4C farm chilling, 24-36 hours to doorstep vs the 72-96 hour industry norm, APEDA certified.

One thing you can check in 30 seconds: the Contact Us page at akshayakalpa.org/contact-us currently contains template placeholder text - '0123.456.789 - 2 Queen Street, California, USA'. Your paid traffic lands on that page. It is a small fix and a direct trust cost while it is live.

Attached is the 7-page Paid Media and Measurement Audit, including what I would do with ~400 creatives to make them learn faster than they spend. Worth 15 minutes?

- Smart Pursuit, Bengaluru | 7095024220

P.S. I am writing to your published support address because the site does not list a marketing or partner contact - that is itself one of the findings.","Hi team,

Following up on the audit. At ~400 creatives, the risk is not lack of creative - it is that nobody can name the top 10 performers, so the other 390 keep paying for lessons you already learned.

The fix is boring and effective: instrument everything, rank by CPA, cut the bottom third, and rebuild around three repeatable formats from one shoot day per week. Same budget, much sharper inventory.

I can show you the ranking framework we use - it takes about 20 minutes to walk through.

- Smart Pursuit | 7095024220","Hi team,

One more finding. Organic dairy has natural B2B lines - cafes, cloud kitchens, hotels, corporate pantry, gifting - and your site publishes only a support number. A distributor or a 200-box gifting enquiry has nowhere to land.

A simple enquiry page plus a small always-on campaign would open a revenue line you are currently refusing, at a fraction of the cost of new consumer acquisition.

Happy to map the flow (form, follow-up, pricing-on-request).

- Smart Pursuit | 7095024220","Hi team,

Final note from me. The audit's three fixes: (1) clean the funnel and rebuild the top landing pages around your 24-36 hour freshness proof, (2) rank and prune the 400-creative inventory into a weekly system, (3) open B2B and gifting enquiry paths.

The audit is yours to keep. If you would like help, we would start with the creative ranking - it usually pays for itself in the first fortnight.

- Smart Pursuit | 7095024220",akshayakalpa-organic-paid-media-measurement-audit.pdf,"LEGACY — Batch 1; prior snapshot, not revalidated on 04 OCT 2026"
Anand Sweets,care@anandsweets.net,"Day 1: Your ads are sending buyers to Swiggy - the Anand Sweets audit
Day 3: Corporate gifting is your highest-value leak
Day 7: Own the festival calendar in Bengaluru
Day 14: Closing the file on Anand Sweets","Hi team,

I run paid-media audits for Bengaluru food brands. I checked your live footprint: 58 Google creatives under Anand Sweets & Savouries LLP, and Google shows you as a Verified advertiser - a real asset in mithai, where trust decides the order.

The problem: your own top banner tells every paid visitor that Bangalore delivery takes up to 3 days and sends same-day buyers to Swiggy, Zomato or Ownly. That is the exact moment - festive, urgent, gift-driven - where mithai margins live, and it is being handed to an aggregator.

Attached is the 7-page Paid Media and Measurement Audit. Open to a 15-minute call?

- Smart Pursuit, Bengaluru | 7095024220","Hi team,

Second finding from the audit: corporate and wedding gifting are your highest order values, and they are reached by browsing - not by paid campaigns.

A dedicated gifting campaign (search for 'corporate Diwali gifts Bangalore', Meta lookalikes, LinkedIn for HR/admin) landing on the corporate page with GST invoice, custom branding and care@anandsweets.net in the first screen would turn this into a pipeline instead of a page.

One 500-box order pays for the campaign many times over. I can share the full structure.

- Smart Pursuit | 7095024220","Hi team,

With 15+ stores and 58 live creatives, you are a paid-media leader in this category - but festival demand is still fought on broad audiences.

The playbook: a 12-month occasion calendar (Diwali, Ugadi, Sankranti, wedding season) with pre-built creatives, geo-radius audiences around each store, and cart-abandonment retargeting. One store radius = one local ad set, measured per store.

Happy to walk through the calendar we would build for you.

- Smart Pursuit | 7095024220","Hi team,

Final note: the audit stands on three fixes - (1) keep same-day demand on your own domain with pickup/express instead of routing to Swiggy, (2) run corporate gifting as a campaign, (3) build the festival calendar with per-store geo audiences and cart retargeting.

The document is yours regardless. If you would like us to implement the gifting campaign first, we can start next week.

- Smart Pursuit | 7095024220",anand-sweets-paid-media-measurement-audit.pdf,"LEGACY — Batch 1; prior snapshot, not revalidated on 04 OCT 2026"
Barbeque Nation,feedback@barbequenation.com,"Day 1: 15 creatives on your domain that are not yours (and a code mismatch)
Day 3: Five URLs your printed material probably still points at
Day 7: Your offers are not visible in your own reporting
Day 14: Closing the file on Barbeque Nation","Hi team,

I audit paid media for Bengaluru food brands. Two findings from this week's live data:

1. 34 creatives point at barbequenation.com, but only 19 sit in the United Foodbrands account — the other 15 come from other accounts. Usually franchise or partner buying, but worth knowing.
2. Your running takeaway ad says 'Use code SAVE35' in the copy and 'Use Code SAVE5' in the image inside the same ad.

The attached audit documents both, with the URLs to check them yourself.

- Smart Pursuit, Bengaluru | 7095024220 | smartpursuit3@gmail.com","Hi team,

Second note. /menu, /locations, /book-a-table, /order-online and /terms all return 404 today. Your ad destinations are fine — /ubq-delivery and /deals/unlockspecialdeals both work — but every QR code, menu card and old blog link that uses the conventional URLs dead-ends.

A set of redirects fixes it in an afternoon and costs nothing.

- Smart Pursuit, Bengaluru | 7095024220 | smartpursuit3@gmail.com","Hi team,

Third note, about measurement rather than creative. You have a tag manager, Meta's script and Razorpay in place — a sound stack. What I cannot see from outside is any event tied to the offer codes (SAVE35, or the pay-day offer expiring 11 October).

Without that, an offer can only be judged by counting orders, which cannot separate the offer's effect from the campaign's. One dataLayer push per code settles it permanently.

- Smart Pursuit, Bengaluru | 7095024220 | smartpursuit3@gmail.com","Hi team,

Final note. The audit's three fixes are: align the code in the takeaway ad, redirect the five dead paths, and instrument offer-code redemption.

We work with F&B brands across Bengaluru. If a short call on any of the three is useful, I am happy to make time — and if not, the audit stands on its own.

- Smart Pursuit, Bengaluru | 7095024220 | smartpursuit3@gmail.com",barbeque-nation-paid-media-measurement-audit.pdf,"LEGACY — Batch 2; prior snapshot, not revalidated on 04 OCT 2026"
Milky Mist,customercare@milkymist.com,"Day 1: 3 live Google ads for an IPO-bound dairy major
Day 3: The dairy subscription you are not selling
Day 7: Two websites, two journeys
Day 14: Closing the file on Milky Mist","Hi team,

I run paid-media audits for food brands from Bengaluru. I checked your live presence this week: Milky Mist Dairy Food Limited shows 3 live Google creatives - while the corporate site carries a full IPO section, SEBI Reg 46 disclosures and investor pages.

That gap matters now: paneer, curd, ghee and cheese searches are high-intent purchase moments, and today they are being answered by Amul, Nandini and quick-commerce private labels. Before a listing, demand durability is part of the story you will be asked about.

Attached is the 7-page Paid Media and Measurement Audit. Open to 15 minutes?

- Smart Pursuit, Bengaluru | 7095024220","Hi team,

Following the audit: dairy is the most subscription-friendly category in India - milk, curd and paneer are bought weekly. A subscribe-and-save flow on the Shopify store (bundles, free-delivery threshold, WhatsApp reminders) adds predictable revenue and a much stronger demand story for the IPO window.

It also lowers CAC permanently: subscription customers compound instead of being re-bought every month.

I can share the offer mechanics and retention benchmarks we use.

- Smart Pursuit | 7095024220","Hi team,

Third finding from the audit. Your brand currently lives across a Wix corporate site and a separate Shopify store. Paid traffic, brand story and purchase path are split - which quietly costs conversion on every campaign.

The fix: pick the Shopify store as the single purchase destination, keep the corporate site for brand, investor and B2B audiences, and measure per SKU family so you know exactly what the spend is buying.

Happy to map the handoff structure.

- Smart Pursuit | 7095024220","Hi team,

Final note: the audit's three fixes are (1) build the category search moat with product-specific landing pages, (2) launch subscribe-and-save for weekly dairy, (3) unify the paid journey onto the Shopify store and measure per SKU family.

The audit is yours to keep. If you would like to start, the search moat is the fastest measurable win.

- Smart Pursuit | 7095024220",milky-mist-paid-media-measurement-audit.pdf,"LEGACY — Batch 1; prior snapshot, not revalidated on 04 OCT 2026"
Millet Amma,eatright@milletamma.com,"Day 1: 80 live ads — and one of them left in Google's archive with placeholders showing
Day 3: Two analytics properties are counting the same visitors
Day 7: Your best trust asset is not in your ads
Day 14: Closing the file on Millet Amma","Hi team,

I audit paid media for Bengaluru food brands, and your account stands out: 80 live Google creatives under Urban Monk Private Limited, with video and local formats in the mix.

One thing worth fixing fast: a local-ad creative in Google's public archive still shows the template strings '{KeyWord:Millet Amma}' and '<Rating (Reviews)> · <Distance> · Bengaluru', last shown 15 July. Anyone can open it.

The attached audit has that URL plus every measurement behind it.

- Smart Pursuit, Bengaluru | 7095024220 | smartpursuit3@gmail.com","Hi team,

Second finding, this one numerical. Your storefront loads two GA4 properties at once — G-WH82716CE0 and G-N659GJMWCX — alongside your Ads tag. Two properties means every session is counted twice and no report agrees with another.

Consolidating to one is an hour of work with an infrastructure-grade payoff: one number everyone can argue with.

- Smart Pursuit, Bengaluru | 7095024220 | smartpursuit3@gmail.com","Hi team,

Third note. Your footer says 'Watch us on Shark Tank India'. Your paid creative says 'A sweet that feels like home, without the refined sugar' — which is genuinely good copy, but it is not the credential.

National-TV proof in the first line of a hook is a cheap test with a clear read after two weeks. Worth trying before the festive season.

- Smart Pursuit, Bengaluru | 7095024220 | smartpursuit3@gmail.com","Hi team,

Wrapping up. The audit comes down to: consolidate the two GA4 properties, rebuild four missing pages (FAQ, store locator, bulk, corporate gifting), and refresh the local-ad set.

If you would like help on the measurement side first — the fastest of the three — reply and I will send a step-by-step.

- Smart Pursuit, Bengaluru | 7095024220 | smartpursuit3@gmail.com",millet-amma-paid-media-measurement-audit.pdf,"LEGACY — Batch 2; prior snapshot, not revalidated on 04 OCT 2026"
Organic Mandya,support@organicmandya.com,"Day 1: You have the best delivery promise in the category — and none of your ads say it
Day 3: 69 Google creatives, and roughly two Meta results
Day 7: Your custom dataLayer is doing nothing yet
Day 14: Closing the file on Organic Mandya","Hi team,

I audit paid media for Bengaluru food brands. Your site promises 2-hour delivery in Bengaluru, Hyderabad and Mysuru (₹49 under ₹500, free above). Your live Google creative — I captured 'organic rajmudi rice (rajamudi) — karnataka's heritage red rice' — sells the product instead.

You own a claim most organic brands cannot make. The attached audit shows where it is missing and what to test first.

- Smart Pursuit, Bengaluru | 7095024220 | smartpursuit3@gmail.com","Hi team,

Second finding. Your Google account holds 69 creatives. On Meta, the brand term returns about two active results — one of them yours, pointing at a category collection.

Collection-level ads against a visual grocery catalogue is exactly the right structure for a basket business. Two ads is a test that was never scaled; the attached audit describes the first three campaigns I would run.

- Smart Pursuit, Bengaluru | 7095024220 | smartpursuit3@gmail.com","Hi team,

Third note, and it is a compliment with a gap attached. Your storefront pushes custom events called gtm-promo, gtm-creative, gtm-position and gtm-destination. Someone built a real measurement plan.

None of it changes your reports until those events are mapped to GA4 key events and imported into Google Ads. That is configuration, not development — and it is the difference between guessing and knowing which collection earns its spend.

- Smart Pursuit, Bengaluru | 7095024220 | smartpursuit3@gmail.com","Hi team,

Wrapping up. Three moves: put the two-hour promise into the ad copy, map the dataLayer events into conversions, and give corporate gifting a page.

If the corporate-gifting idea interests you, I can share the page structure we use — it is the fastest of the three to prove out.

- Smart Pursuit, Bengaluru | 7095024220 | smartpursuit3@gmail.com",organic-mandya-paid-media-measurement-audit.pdf,"LEGACY — Batch 2; prior snapshot, not revalidated on 04 OCT 2026"
SMOOR,info@smoorchocolates.com,"Day 1: 22 live Google ads — and two enquiry pages that go nowhere
Day 3: Your Shopping titles are doing too much work
Day 7: You are selling to companies — is the quote tracked?
Day 14: Closing the file on SMOOR","Hi team,

I audit paid media for Bengaluru food brands. I went through your live footprint this week: 22 Google creatives running under Bliss Chocolates India Private Limited, including Shopping ads, plus three Meta creatives selling corporate gifting into your /pages/corporate-gifting page.

Two things worth ten minutes: /pages/contact and /pages/bulk-enquiry both return 404 today, and your live offer excludes celebration cakes — the category most people arrive for.

The attached Paid Media & Measurement Audit has the full picture, with the URL for every claim.

- Smart Pursuit, Bengaluru | 7095024220 | smartpursuit3@gmail.com","Hi team,

Second thought from the audit. One of your live Shopping titles is: 'Elsa and Anna Cake | Frozen Theme Birthday Cake | Elsa & Anna Kids Designer Cake | Princess Celebration Cake by SMOOR | 1.5 Kg'.

That title is optimised for matching, not for the person reading it on a phone. A feed pass over the five longest titles usually improves click-through before any bid change — and it costs nothing.

Happy to send the rewritten titles as a starting point.

- Smart Pursuit, Bengaluru | 7095024220 | smartpursuit3@gmail.com","Hi team,

Third thought. All three of your verified Meta creatives point at the corporate-gifting page and ask for a quote. The page works; the ads are well aimed.

What I cannot see from outside is whether a quote request fires a tracked event. If it does not, that campaign can only ever be judged on clicks. One event on the form makes the whole quarter's gifting push measurable.

Worth a check before the Diwali window closes.

- Smart Pursuit, Bengaluru | 7095024220 | smartpursuit3@gmail.com","Hi team,

Last note from me. The audit's three fixes are deliberately small: redirect two dead enquiry URLs, rewrite the five longest Shopping titles, and put one tracked event behind the corporate-gifting quote form.

If the timing is wrong, no problem — reply 'later' and I will leave it there.

The audit is yours either way.

- Smart Pursuit, Bengaluru | 7095024220 | smartpursuit3@gmail.com",smoor-paid-media-measurement-audit.pdf,"LEGACY — Batch 2; prior snapshot, not revalidated on 04 OCT 2026"
Sid's Farm,wecare@sidsfarm.com,"Day 1: Seven 404s under a paid engine that is working
Day 3: Two settings worth checking today
Day 7: Your Meta copy is a template for the rest of the category
Day 14: Closing the file on Sid's Farm","Hi team,

I audit paid media for Bengaluru food brands. Your paid side is genuinely good: around 200 creatives in the account, three Meta creatives verified by ID running since April and August, and an app landing URL with proper campaign macros attached.

Underneath it, seven standard pages return 404 today — contact, FAQ, shipping policy, store locator, bulk and corporate-gifting. For a subscription where the first order is a trust decision, those are the most expensive pages on the site.

The attached audit lists every URL and every measurement.

- Smart Pursuit, Bengaluru | 7095024220 | smartpursuit3@gmail.com","Hi team,

Two configuration findings from the audit, both verifiable in your own dashboard.

1. Two Google Tag Manager containers load on the same page (GTM-57TDVNH and GTM-P4DXD97J). That pattern normally produces duplicated purchase or signup events.
2. Your store config reads meta_pixel_enable: false with an empty pixel ID — while Meta ads are running. It may be fired through GTM instead, but that is worth knowing for certain.

Both take an hour to settle and both decide whether ROAS discussions are winnable.

- Smart Pursuit, Bengaluru | 7095024220 | smartpursuit3@gmail.com","Hi team,

Third note, this one a compliment. 'No diet changes. No extra effort. Just your everyday milk, now with 22g protein in every pack.' is the right way to sell a subscription — a product change, not a discount.

The same story is missing on the site: the pages that explain testing have no equivalent. If you want, I will map the three pages (testing, delivery, subscription terms) against what your Meta traffic actually asks.

- Smart Pursuit, Bengaluru | 7095024220 | smartpursuit3@gmail.com","Hi team,

Wrapping up. The audit comes down to three fixes: publish the four missing trust pages, settle the double container and the pixel setting, and report app and website growth as one number.

No pressure at all — if you would rather just take the page list and run with it internally, that is a perfectly good outcome.

- Smart Pursuit, Bengaluru | 7095024220 | smartpursuit3@gmail.com",sid-s-farm-paid-media-measurement-audit.pdf,"LEGACY — Batch 2; prior snapshot, not revalidated on 04 OCT 2026"
iD Fresh Food,customercare@idfreshfood.com,"Day 1: INR 681 Cr revenue, one live Google ad - here is the audit
Day 3: The category searches you are not buying
Day 7: Subscribe-and-save is your pre-IPO revenue line
Day 14: Closing the file on iD Fresh","Hi team,

I run paid-media audits for food brands from Bengaluru. I checked your live footprint this week: Google Ads Transparency shows one live creative for idfreshfood.com, running under Blink Digital India Pvt Ltd.

That is remarkable for a brand at INR 681 Cr revenue with an IPO in view - and it means every 'idli batter home delivery', 'malabar parota online' or 'preservative-free batter' search is being answered by quick-commerce and smaller D2C brands, not by you.

I have attached the 7-page Paid Media and Measurement Audit, including the subscription engine that would add recurring revenue before your IPO window. 15 minutes this week?

- Smart Pursuit, Bengaluru | 7095024220","Hi team,

Following up: the audit recommends a search moat across brand, category and competitor terms, with three landing paths - nearest store, quick-commerce, and subscribe-and-save.

Batter is bought weekly by the same household, so search + retargeting here is unusually profitable: you are not buying new customers, you are capturing demand that already exists in your category.

I can send the keyword clusters and geo-split structure we would use.

- Smart Pursuit | 7095024220","Hi team,

One more from the audit, and it is the one I would prioritise before an IPO: weekly batter is a subscription category, and subscribe-and-save with a 10-15% incentive and WhatsApp reminders converts existing buyers into predictable recurring revenue.

Owned D2C recurring revenue is the most valuable line you can add to the story - and paid media is the cheapest way to build it.

Happy to map the mechanics (offer, cadence, retention curve) for you.

- Smart Pursuit | 7095024220","Hi team,

Last note: the audit's three fixes are (1) build the search moat with three landing paths, (2) launch subscribe-and-save with WhatsApp reminders, (3) turn the preservative-free process into ad creative that defends your premium.

The audit is yours. If you want, we can start with the search structure and show results before any creative work.

- Smart Pursuit | 7095024220",id-fresh-food-paid-media-measurement-audit.pdf,"LEGACY — Batch 1; prior snapshot, not revalidated on 04 OCT 2026"
Adukale,info@adukale.com,"Day 1: Your ads still land on a site that sends buyers to Amazon
Day 3: Three Shopping ads are pulled — and that is usually fixable in a day
Day 7: Two visible defects on the live storefront
Day 14: Closing the file on Adukale","Hi team,

I audit paid media for Bengaluru food brands. Your storefront now says: 'All purchases from this site will now be completed through Amazon.' At the same time, 13 Google creatives are live for adukale.com.

That combination has an obvious cost: paid clicks that either lose the sale or hand your customer record to Amazon. The attached audit lays out the two clean ways to resolve it.

Everything in it is dated and sourced.

- Smart Pursuit, Bengaluru | 7095024220 | smartpursuit3@gmail.com","Hi team,

Second finding. One of your archived Shopping ads shows 'Last shown: Nov 28, 2025', with all three of its variations carrying Google's notice 'Removed for a policy violation': Sambar Powder, Chutney Powder 200g and Kayi Kodubale 180g.

PLA removals are usually feed-level — price, availability or a landing-page mismatch — and are resolved in Merchant Center. Worth knowing, because Shopping is the visible engine in your account.

- Smart Pursuit, Bengaluru | 7095024220 | smartpursuit3@gmail.com","Hi team,

Third note, and these are two five-minute fixes on live pages. Your pickup block still shows the Shopify template address: '123 John Doe Street, Your Town, YT 12345', next to your real pickup point at Mallathalli.

And the email icon in your footer is coded without a mailto: prefix (verbatim: <a href=""info@adukale.com"">), so a click cannot open a mail client. The address reads correctly, which is why nobody has noticed.

- Smart Pursuit, Bengaluru | 7095024220 | smartpursuit3@gmail.com","Hi team,

Last note. The audit boils down to one decision — where the paid click should end while Amazon is the checkout — plus three small fixes (placeholder address, mailto, Merchant Center feed).

If a 20-minute call on the routing question would help, I am happy to make time. Otherwise the audit is yours to use internally.

- Smart Pursuit, Bengaluru | 7095024220 | smartpursuit3@gmail.com",adukale-paid-media-measurement-audit.pdf,"LEGACY — Batch 2; prior snapshot, not revalidated on 04 OCT 2026"
Araku Coffee,customercare@arakuoriginals.com,"Day 1: ~200 live creatives — and every Shopping click filed as organic
Day 3: Your cafés and your store share one advertiser account
Day 7: On Meta, your brand name returns somebody else's business first
Day 14: Closing the file on Araku Coffee","Hi team,

I audit paid media for Bengaluru food and beverage brands. Your account is the largest I looked at this week: ~200 live creatives under Araku Originals Pvt Ltd, including Shopping ads for the Moka Pot and the Chemex, plus café listings with reserve actions.

One reporting problem sits underneath all of it: every Shopping click carries utm_campaign=sag_organic, so GA4 files your paid traffic as organic. The attached audit shows the exact URL and the fix.

- Smart Pursuit, Bengaluru | 7095024220 | smartpursuit3@gmail.com","Hi team,

Second finding. In the same account I can see a local listing for 'ARAKU Coffee' with Directions and Reserve, and Shopping ads for brewing equipment landing on product pages.

Two different businesses, one set of conversions — which means nobody can say whether a rupee bought a café visit or a bag of beans. Separating the conversion actions takes an afternoon and makes your budget conversations evidence-based.

- Smart Pursuit, Bengaluru | 7095024220 | smartpursuit3@gmail.com","Hi team,

Third note, and it is delicate. Searching your brand term on Meta surfaces third-party placements ahead of your own — a partner workshop carrying the name, and a separately-trading café. Neither looks hostile, but it means brand search on Meta is not currently yours.

Worth a look at the account level together with whoever manages partner activity.

- Smart Pursuit, Bengaluru | 7095024220 | smartpursuit3@gmail.com","Hi team,

Wrapping up. The audit's three moves: correct the sag_organic tag in the feed, separate café and e-commerce conversions, and add redirects from the conventional URL handles.

The first is a few minutes of work with immediate effect on every report your team reads. Happy to walk someone through it if useful.

- Smart Pursuit, Bengaluru | 7095024220 | smartpursuit3@gmail.com",araku-coffee-paid-media-measurement-audit.pdf,"LEGACY — Batch 2; prior snapshot, not revalidated on 04 OCT 2026"
Brik Oven,theteam@brikoven.com,"Day 1: Your store ads are excellent — and the booking click leaves your domain
Day 3: Nine URLs your customers type, all returning 404
Day 7: The Palace Road breakfast ad stopped in July
Day 14: Closing the file on Brik Oven","Hi team,

I audit paid media for Bengaluru food brands. Your local ads are the best-constructed set I have seen this month: store-level creatives for Manyata Business Park and Palace Road with directions, call and reserve actions.

One structural problem: the reservation CTA goes to widget.reservego.co — so the booking data, the no-show list and the store-level attribution belong to the widget, not to you. The attached audit explains what moving it back would give you.

- Smart Pursuit, Bengaluru | 7095024220 | smartpursuit3@gmail.com","Hi team,

Second finding. /contact-us, /menu, /book-a-table, /locations and /order-online all return 404 today (along with about-us, faq, privacy-policy and terms).

Your paid traffic is driven by store-level intent — people looking for pizza near a specific outlet. Those are exactly the visitors most likely to book, and today the obvious URLs dead-end. Redirects are an afternoon's work.

- Smart Pursuit, Bengaluru | 7095024220 | smartpursuit3@gmail.com","Hi team,

Third note. Google's archive shows your Palace Road breakfast creative — 'Smoked Ham Bagel Mornings — Sourdough sandwiches, bagels & toasties. Open 8AM-11AM daily' — with 'Last shown: Jul 23, 2026'.

The creative is good; it just is not running while the stores are. A monthly five-minute review of which store ads are live keeps the set earning.

- Smart Pursuit, Bengaluru | 7095024220 | smartpursuit3@gmail.com","Hi team,

Wrapping up. Two moves matter most here: put a booking form on your own domain, and redirect the nine dead paths. After that, a monthly review keeps the local-ad set current.

If a short call on the booking flow would be useful, I can bring the structure we use for restaurant groups.

- Smart Pursuit, Bengaluru | 7095024220 | smartpursuit3@gmail.com",brik-oven-paid-media-measurement-audit.pdf,"LEGACY — Batch 2; prior snapshot, not revalidated on 04 OCT 2026"
Chai Point,customercare@chaipoint.com,"Day 1: 8,100 workplaces, 150+ Brewing Bots, no paid B2B funnel
Day 3: The Brewing Bot deserves a demo funnel
Day 7: 150 stores, zero store-radius campaigns
Day 14: Closing the file on Chai Point","Hi team,

I audit paid media for Bengaluru food brands. I checked your live footprint: 56 Google creatives under Mountain Trail Foods, a genuinely modern site (GA4 G-EN77D2S0YH), and the numbers you publish are strong - 150+ stores, 900,000 cups a day, 8,100 workplace clients.

Here is the leak: the B2B side - your highest-value line - has no paid funnel. No 'book a demo' path for office admins searching for tea vending, while your Brewing Bot (real tea leaves, not premix) is a genuinely superior product to every coffee-only incumbent.

Attached: the 7-page Paid Media and Measurement Audit. Worth 15 minutes?

- Smart Pursuit, Bengaluru | 7095024220","Hi team,

Following the audit: 8,100 workplaces is proof the product sells - but it is selling through people, not paid demand.

A simple funnel - landing page with cups/day calculator and install timeline, Google search on 'office tea vending machine', LinkedIn targeting admin/HR titles, and a two-ad retargeting sequence with case studies - turns that into inbound pipeline per city.

Happy to share the page structure and the exact targeting we would use.

- Smart Pursuit | 7095024220","Hi team,

Third finding from the audit. With 150+ stores in 19 cities, you are competing with app-first brands that buy hyperlocal inventory around their outlets. Your top Bengaluru stores should each have a 3-5 km radius campaign with a store-specific first-order offer - measured on walk-ins, not just clicks.

25 stores is enough to build the template, prove the lift, and then scale city by city. It also gives your FICO investors a demand-generation story, not just a product story.

- Smart Pursuit | 7095024220","Hi team,

Last note from me: the audit's three fixes are (1) build the workplace/Brewing Bot demo funnel, (2) give the top 25 stores radius campaigns with store-level measurement, (3) start habit retargeting with a WhatsApp opt-in - chai is a daily drink, and that is your cheapest repeat revenue.

The audit is yours to keep. If you want, we can start with the B2B demo funnel this month.

- Smart Pursuit | 7095024220",chai-point-paid-media-measurement-audit.pdf,"LEGACY — Batch 1; prior snapshot, not revalidated on 04 OCT 2026"
Cothas Coffee,customercare@cothas.com,"Day 1: 77 live Google ads, one destination - the Cothas audit
Day 3: Your vending line is a B2B lead engine waiting to happen
Day 7: Free creatives: your customers' morning filter coffee
Day 14: Closing the file on Cothas","Hi team,

I audit paid media for Bengaluru food brands. I inspected your live footprint this week: 77 Google creatives running under Freeflow Creative Services, including Local store ads like your HMT Road Mathikere store. Genuinely good work - most heritage brands your age run zero paid.

The gap: a cafe owner searching 'coffee vending machine', a household buying filter coffee, and someone near a CoCo outlet all land on the same destination. Three buyers, one page.

Attachment: the 7-page Paid Media and Measurement Audit. Worth a short call?

- Smart Pursuit, Bengaluru | 7095024220","Hi team,

Second thought from the audit. 'Coffee vending machine' search intent is high-value and almost nobody in Indian coffee serves it with a proper page: ROI proof (cups/day, payback period), a short enquiry form, and WhatsApp handoff.

One vending contract can be worth hundreds of D2C orders. With 77 creatives already live, you have the traffic - it just needs a destination built for that buyer.

I can share the page structure we use for F&B B2B funnels if useful.

- Smart Pursuit | 7095024220","Hi team,

Last idea from the audit. Filter coffee is the most photographed ritual in South India, and your account barely uses customer content. A monthly #MyCothasFilter collection - 10 best photos/videos become paid creatives - gives you fresh creative every month at zero production cost, with real social proof.

For a brand 'since 1948', customer ritual content is the strongest credibility asset you have.

Happy to map the full 30-day plan.

- Smart Pursuit | 7095024220","Hi team,

Wrapping up: the audit attached on Day 1 stands on three fixes - (1) split traffic into household / B2B vending / store destinations, (2) build the vending lead engine, (3) start a UGC ritual campaign.

No pressure if now is not the time. If you want, we can start with just the vending page and the enquiry flow this month.

- Smart Pursuit | 7095024220",cothas-coffee-paid-media-measurement-audit.pdf,"LEGACY — Batch 1; prior snapshot, not revalidated on 04 OCT 2026"
Early Foods,hello@earlyfoods.com,"Day 1: 30 live ads for Early Foods - the trust gap in the first 5 seconds
Day 3: Your best creative is sitting in your customers' kitchens
Day 7: Baby food is a 2-year subscription - is it priced like one?
Day 14: Closing the file on Early Foods","Hi team,

I audit paid media for Bengaluru food brands. I checked your live footprint: 30 Google creatives under Early Foods Pvt Ltd, plus a global storefront already live - strong setup for a clean-label brand.

One finding: in baby food, parents are not choosing between brands - they are weighing the risk of trying you against a known multinational. Your ads and landing path lead with product; they should lead with reassurance: age-appropriate, full ingredient list, what is NOT inside, and other parents' faces.

Attached: the 7-page Paid Media and Measurement Audit. Open to 15 minutes?

- Smart Pursuit, Bengaluru | 7095024220","Hi team,

Following the audit: the highest-converting asset in baby food is another parent's face and words - and there is no visible system collecting them.

Simple version: offer a starter bundle to 50 existing customers for a 20-second video ('what I feed my 10-month-old'). Rotate the top 12 as paid creatives every month. Real kitchens, real babies, zero production cost.

Happy to share the brief and permission/consent flow.

- Smart Pursuit | 7095024220","Hi team,

Third finding. A parent who starts at 6 months stays 18-36 months. That predictable LTV changes everything: stage-based bundles (6m / 9m / 12m / 18m) with auto-replenish and WhatsApp reminders turn a one-off order into a two-year relationship.

Add a 'grow with us' upgrade path and you have a retention system no multinational shelf brand can match.

Want me to map the bundle ladder against your SKUs?

- Smart Pursuit | 7095024220","Hi team,

Final note: the audit's three fixes are (1) trust-first, age-matched landing pages, (2) a parent UGC engine, (3) stage-based subscription bundles with WhatsApp reminders.

Also worth a test later: you already run a global store - the UAE, Singapore and US Indian-parent audiences are reachable at low incremental cost.

The audit is yours. If you want to start, the UGC engine is the fastest win.

- Smart Pursuit | 7095024220",early-foods-paid-media-measurement-audit.pdf,"LEGACY — Batch 1; prior snapshot, not revalidated on 04 OCT 2026"
Eat Better Co,care@eatbetterco.com,"Day 1: Your Shopping feed is advertising 1% off
Day 3: Your policy pages send customers to a different domain
Day 7: You have a Meta Lead event — inside one form
Day 14: Closing the file on Eat Better Co","Hi team,

I audit paid media for food brands. Running through your live Shopping ads this week, three stood out: four of them carry discount badges: [-1%] on quinoa namkeen, [-2%] on the sweet crunchy nut mix and again on a ragi bundle, and [-6%] on trail mix 100g.

A 1% badge reads as an offer and delivers a rounding error. Either removing the badge or repricing fixes it, and both are feed-level decisions made once.

The attached audit shows the listings and everything else I measured.

- Smart Pursuit, Bengaluru | 7095024220 | smartpursuit3@gmail.com","Hi team,

Second finding. Your contact and refund pages publish care@eatbetterco.com; your privacy and shipping pages publish connect@gottaeatbetter.com.

A customer who reads your shipping policy and then writes to that address has been sent to a domain they have never seen. One canonical address with the other as a forwarding alias solves it in minutes.

- Smart Pursuit, Bengaluru | 7095024220 | smartpursuit3@gmail.com","Hi team,

Third note, and it is a good sign with a caveat. Your enquiry form is configured with a Meta pixel (3182482251838473) and fires a custom Lead event on submit, then sends people to your Diwali hampers collection.

That works — but a Lead event that fires from one form only is a single point of failure, and it means the pixel cannot see any other page. The attached audit explains the two ways to extend it.

- Smart Pursuit, Bengaluru | 7095024220 | smartpursuit3@gmail.com","Hi team,

Last note from me. The audit's three moves: clean the sub-10% discounts out of the feed, put one support address across the site, and test the Shark Tank line plus the ₹500 free-shipping threshold in the ad copy.

No reply needed if the timing is wrong — the audit is yours either way.

- Smart Pursuit, Bengaluru | 7095024220 | smartpursuit3@gmail.com",eat-better-co-paid-media-measurement-audit.pdf,"LEGACY — Batch 2; prior snapshot, not revalidated on 04 OCT 2026"
Licious,talktous@licious.com,"Day 1: Your Bengaluru Meta ad lands on a store-locator - here is the audit
Day 3: The cheapest fix in the Licious audit
Day 7: Why your Google spend is thinning out
Day 14: Closing the file on Licious","Hi team,

I run paid-media audits for food brands out of Bengaluru. Over the last few days I inspected your live ad footprint - not a guess: Google Ads Transparency shows ~300 creatives under Delightful Gourmet Pvt Ltd, and I verified your Meta flight live in the Ad Library (Library ID 983369480870934, running since 15 Apr 2026).

One finding you can act on today: that live Meta ad sends Bengaluru clicks to licious.in/store-locator. Buyers who tapped because of 'never frozen' arrive at a city picker - one full step before they see a product or price.

I have attached the 7-page Paid Media and Measurement Audit, all doable without increasing spend. Worth 15 minutes?

- Smart Pursuit, Bengaluru | 7095024220

P.S. The 0-4C cold-chain story is genuinely your strongest asset. It deserves to be the hero of the landing page, not just the ad.","Hi team,

Following up on the audit. If you only do one thing this week: take your 5 biggest-spend Bengaluru Meta ads and repoint them from the store-locator to the SKU page with city_id=1 pre-set.

It needs no new creative, no new budget - and it removes the single most expensive step between the tap and the cart. Keep the locator as the secondary CTA.

Happy to send the exact URL pattern and the UTM setup we use so your comparison stays clean for 14 days.

- Smart Pursuit | 7095024220","Hi team,

Second observation from the audit: with ~300 Google creatives live - including a large Local store-ad layer - budget gets spread thinly across assets and geos. Concentrating spend on the SKU/geo clusters that match your cold-chain promise typically beats adding creatives.

We build this exact consolidation + creative-refresh system for food brands: one shoot day a week, three formats, weekly rotation. Your 'small boats' and 'never frozen' angles already do the heavy lifting - they just need a system behind them.

I can walk you through the model in 15 minutes.

- Smart Pursuit | 7095024220","Hi team,

Last note from me. The audit attached on Day 1 is yours to keep - the three fixes are: (1) deep-link Meta clicks to product pages, (2) concentrate Google spend on top SKU/geo clusters, (3) audit CAPI + Enhanced Conversions so Smart Bidding sees full signal.

If the timing is wrong, no problem - the file stays accurate for roughly a quarter. If you want us to implement any of it, we can start with the tracking audit this week.

- Smart Pursuit | 7095024220",licious-paid-media-measurement-audit.pdf,"LEGACY — Batch 1; prior snapshot, not revalidated on 04 OCT 2026"
Pure & Sure,info@pureandsure.in,"Day 1: Your Shopping clicks are being reported as organic traffic
Day 3: The 404s that follow a theme rebuild
Day 7: Two support addresses, one question
Day 14: Closing the file on Pure &amp; Sure","Hi team,

I audit paid media for Bengaluru food brands. One finding from your live data that is worth fixing this week: your Shopping feed's tracking template writes utm_campaign=sag_organic into every paid click — I captured it on your Organic Ghee landing URL.

In GA4 that traffic is filed as organic, so your paid Shopping investment currently looks like free traffic. The attached audit shows the exact URL and the fix.

- Smart Pursuit, Bengaluru | 7095024220 | smartpursuit3@gmail.com","Hi team,

Second finding. Five conventional paths return 404 today: /pages/contact-us, /pages/about-us, /pages/store-locator, /pages/bulk-enquiry and /pages/corporate-gifting — while /pages/contact works.

That pattern is normal after a rebuild and invisible until a partner, a press link or a customer types the obvious URL. Redirects are an afternoon and permanent.

- Smart Pursuit, Bengaluru | 7095024220 | smartpursuit3@gmail.com","Hi team,

Third note, quick. Your contact and shipping pages publish info@pureandsure.in; your cart and collection pages publish care@pureandsure.in.

That is fine if both forward into one inbox — less fine if a customer writes to the wrong one and waits. Worth a two-minute check inside the team.

- Smart Pursuit, Bengaluru | 7095024220 | smartpursuit3@gmail.com","Hi team,

Wrapping up. Three moves: fix the sag_organic tag, redirect the five dead handles, and get a clean read on Meta so the channel question can be answered with numbers.

If a short call on the reporting fix would be useful, I am happy to walk your team through the five-minute change.

- Smart Pursuit, Bengaluru | 7095024220 | smartpursuit3@gmail.com",pure-sure-paid-media-measurement-audit.pdf,"LEGACY — Batch 2; prior snapshot, not revalidated on 04 OCT 2026"
The Baker's Dozen,fresh@thebakersdozen.in,"Day 1: 35 live ads, 300+ cities - but the click has nowhere to land
Day 3: The 'Find your loaf' page
Day 7: 1M sourdoughs is a paid-media asset
Day 14: Closing the file on The Baker's Dozen","Hi team,

I run paid-media audits for food brands from Bengaluru. I inspected your live footprint: 35 Google creatives under Mimansa Industries Pvt Ltd - and 1M+ sourdoughs baked, which is the strongest trust proof in Indian sourdough.

The leak: your paid clicks do not land on a 'where is my nearest loaf' page. For a brand in 300+ cities with quick-commerce distribution, that question is the whole conversion. The buyer asks it, does not get one-tap answer, and the aggregator keeps the relationship.

Attached is the 7-page Paid Media and Measurement Audit. Open to a short call?

- Smart Pursuit, Bengaluru | 7095024220","Hi team,

The one-page fix from the audit: a pin-code availability page that shows - in this order - nearest store, quick-commerce options, and home-delivery ETA. Pre-set the pin from the ad so the buyer lands on an answer, not a homepage.

Everything else (creative, retargeting) amplifies this page. It is also the best email/WhatsApp capture point you have, in a weekly-repeat category.

I can share the wireframe we would use.

- Smart Pursuit | 7095024220","Hi team,

Quick idea from the audit. '1M+ sourdoughs baked' is stronger than any discount you can offer - it is proof. Put it in the ad hook, the landing hero, and the retargeting creative, and add a 20-second 'inside the bake' Reel at the top of the funnel.

Bakery buyers are buying consistency and craft. You have both, and you have receipts.

Happy to mock up three creatives around the milestone.

- Smart Pursuit | 7095024220","Hi team,

Final note: the audit stands on three fixes - (1) pin-code availability landing page for all paid traffic, (2) put the 1M+ sourdough proof into hook/hero/retargeting, (3) build the weekly repeat flow with email/WhatsApp capture.

The audit is yours to keep. If you want us to start, the availability page is a one-week build.

- Smart Pursuit | 7095024220",the-baker-s-dozen-paid-media-measurement-audit.pdf,"LEGACY — Batch 1; prior snapshot, not revalidated on 04 OCT 2026"
Third Wave Coffee,orders@thirdwavecoffee.in,"Day 1: Verified - zero live Google ads for Third Wave
Day 3: Local campaigns for your top 10 outlets
Day 7: Beans are a subscription, not a product
Day 14: Closing the file on Third Wave","Hi team,

I audit paid media for Bengaluru food brands. I checked Google Ads Transparency for your domain this week and found zero live creatives - verified, on the Google side.

For a brand with USD 112M raised and ~100 outlets, that means every 'coffee near me', 'cold brew delivery' and 'coffee beans online' query in your cities is answered by competitors. Local store campaigns are the cheapest walk-in channel a cafe chain can buy.

I have attached the 7-page Paid Media and Measurement Audit, starting with the one I would run this month. To be clear about scope: this audit verifies Google - I have not claimed anything about your Meta inventory. Open to 15 minutes?

- Smart Pursuit, Bengaluru | 7095024220","Hi team,

Following the audit: the fastest win is a per-store radius campaign around your top 10 Bengaluru outlets, with a first-visit offer and measurement on store visits - not just clicks.

Cafe chains that run local ads typically see the effect in walk-ins within the first weeks, and you can scale store by store once the template is proven.

I can share the campaign structure and offer mechanics we would use.

- Smart Pursuit | 7095024220","Hi team,

Third idea from the audit. Your bean line competes with Blue Tokai and Sleepy Owl, who buy category search aggressively. Coffee beans are a monthly repeat purchase - the ideal profile for paid search plus a subscribe-and-save flow with free shipping.

One more thing worth fixing before you scale spend: the storefront runs 8+ apps on an older Shopify theme. Speed multiplies every rupee of paid traffic; we would audit that first.

- Smart Pursuit | 7095024220","Hi team,

Final note: the audit's three fixes are (1) local store campaigns for the top 10 outlets, (2) a bean subscription engine with category search, (3) storefront speed before scaling spend.

If it helps, the audit is yours to keep regardless of whether we work together. And if you want a Meta-side check as step one, we can run that in a day.

- Smart Pursuit | 7095024220",third-wave-coffee-paid-media-measurement-audit.pdf,"LEGACY — Batch 1; prior snapshot, not revalidated on 04 OCT 2026"
Frozen Bottle,vipul@frozenbottle.in,"Day 1: 11 live ads for a franchise brand - the leak is in the funnel
Day 3: The franchise funnel maths
Day 7: Lubov deserves its own ads
Day 14: Closing the file on Frozen Bottle","Hi team,

I audit paid media for Bengaluru food brands. I checked your live footprint: 11 Google creatives under Munchbox Frozen Foods Pvt Ltd, plus two brands (Frozen Bottle and Lubov Patisserie) and a franchise model with city and master-franchise pages.

The gap: a single franchise sale is worth lakhs and the investor researches online first - but there is no structured paid funnel for franchise enquiries, and no store-radius campaigns for the outlets. Both are cheap to run and easy to measure.

One small thing you can fix today: the footer links to /pages/faqs, but /pages/faq returns a 404.

Attached is the 7-page Paid Media and Measurement Audit. Worth 15 minutes?

- Smart Pursuit, Bengaluru | 7095024220","Hi team,

Following up on the audit. Compare the value of one franchise sale against the cost of a search click on 'milkshake franchise India' - the funnel pays for itself at a fraction of a single deal.

The structure: a franchise landing page with investment range, ROI illustration and support model, Google search on franchise-intent terms, and Meta retargeting for everyone who viewed the page. Add a booking form and you have a measurable pipeline.

Happy to share the page outline we use.

- Smart Pursuit | 7095024220","Hi team,

Third finding from the audit. Lubov Patisserie has its own site but no visible paid activity - it is being carried by Frozen Bottle's brand rather than having its own demand engine.

Premium patisserie has obvious angles: occasion cakes, corporate orders and gifting. Separate creatives, separate landing pages, separate retargeting. Two brands should mean two engines.

I can sketch the first month's creative plan if useful.

- Smart Pursuit | 7095024220","Hi team,

Final note: the audit stands on three fixes - (1) build the franchise enquiry funnel, (2) store-radius campaigns for the top 10 outlets with per-store measurement, (3) give Lubov its own ad identity.

The audit is yours to keep. If you want to start, the franchise funnel is the highest-value build.

- Smart Pursuit | 7095024220",frozen-bottle-paid-media-measurement-audit.pdf,"LEGACY — Batch 1; prior snapshot, not revalidated on 04 OCT 2026"
Aubree,connect@aubree.in,"Day 1: Bangalore blueberry creative: order path
Day 3: Keep the cake offer aligned
Day 7: A simple measurement question
Day 14: Closing the loop on the cake ad","Hi Aubree team,

I saw the active Meta creative that opens “Bangalore, meet your new blueberry obsession” and calls the cake 100% eggless (Library ID 1818186182646048; active when checked 04 Oct). Your contact page also publishes Bangalore delivery within three hours and free delivery above ₹1,499.

I mapped only public evidence; I did not review account spend or orders. A useful next check is whether the ad's actual destination and order record preserve campaign source through fulfilment.

Would a short, source-linked handoff note be useful? If this inbox is not right for paid media, could you point me to the person who owns it?

— Smart Pursuit
smartpursuit3@gmail.com | 7095024220","Hi Aubree team,

One follow-up on the blueberry creative. The first-party contact page publishes both the Bangalore delivery statement and the ₹1,499 free-delivery threshold. The public ad card did not expose its landing URL, so I cannot tell whether those terms appear on the route a customer sees after clicking.

A quick account-side check would be to compare the live destination, product availability, order type and campaign source field. That is a verification step, not a claim that the current path is broken.

Would the short checklist be useful?

— Smart Pursuit
smartpursuit3@gmail.com | 7095024220","Hi Aubree team,

The public record gives a strong creative cue—blueberry cake, Bangalore and 100% eggless—but the Ad Library cannot show which clicks became orders. If the team already tracks that in its own reports, the useful review is whether the product, delivery area and order-source label stay connected end to end.

I can send a one-page map of the public evidence and the exact private checks to run, without guessing at results.

— Smart Pursuit
smartpursuit3@gmail.com | 7095024220","Hi Aubree team,

Last note from me. I checked the public blueberry-cake ad and the contact-page delivery copy on 04 Oct; I have not accessed campaign or order data. The only proposed next step is to confirm the click destination and source capture in your own reporting.

If this belongs with another person, a pointer would help. Otherwise I will close the file here.

— Smart Pursuit
smartpursuit3@gmail.com | 7095024220",aubree-paid-media-measurement-audit.pdf,BATCH 3 — checked 04 OCT 2026
Nandhana Palace,customerservices@nandhanahotels.com,"Day 1: Founder-story ad: where should I route a measurement note?
Day 3: A small check after the Instagram click
Day 7: The local contact route is clear; the campaign owner is not
Day 14: Closing the loop on the founder-story creative","Hi Nandhana team,

I saw the active founder-story creative in Meta Ad Library (Library ID 4610923952560301; started 30 Sep; checked 04 Oct). The card's CTA opens the Nandhana Palace Instagram profile, while your contact page lists the Koramangala address.

I can map the public handoff and list the private checks needed to connect social activity to store or order outcomes. I cannot see spend or conversions from the public card, and I am not assuming the ad is meant to drive orders.

Would it be useful if I sent a concise, source-linked note? If this support inbox is not the right route, could you direct me to the digital-marketing owner?

— Smart Pursuit
smartpursuit3@gmail.com | 7095024220","Hi Nandhana team,

Following up with one specific question from the public audit: the selected Meta card sends viewers to Instagram rather than showing a direct booking or ordering page. If the campaign is intended to support store visits or orders, the relevant comparison would be between social click activity and your own store/order records.

That is a check for your team, not a claim that the current setup is missing measurement.

May I send the one-page route map to the person who owns digital campaigns?

— Smart Pursuit
smartpursuit3@gmail.com | 7095024220","Hi Nandhana team,

Your public contact page gives a Koramangala address and labels customerservices@nandhanahotels.com as Email Support. I am writing to that published route only to ask for the right owner; I have not identified a marketing buyer from public pages.

The audit separates what the ad card shows from private outcomes and includes the source links so your team can verify each point.

Would you point me to the appropriate marketing contact?

— Smart Pursuit
smartpursuit3@gmail.com | 7095024220","Hi Nandhana team,

Last note from me. I checked the public founder-story ad and official contact page on 04 Oct. I have not accessed campaign, store-visit or order data, so I have not made any performance claim.

If a route map would help the team review the Instagram handoff, I can send it; otherwise I will leave this here. If another team owns paid media, a pointer is appreciated.

— Smart Pursuit
smartpursuit3@gmail.com | 7095024220",nandhana-palace-paid-media-measurement-audit.pdf,BATCH 3 — checked 04 OCT 2026
Byg Brewski,gm.sjp@bygbrewski.com,"Day 1: Sarjapur brunch creative: District handoff
Day 3: Confirm the current brunch terms
Day 7: A branch-level reconciliation question
Day 14: Closing the loop on the Sarjapur brunch","Hi Byg team,

I checked the Sarjapur-page Meta card for the Retro Brunch (Library ID 2250887912432714; active when checked 04 Oct). It says every Sunday from 12 PM and sends the ‘See details’ click to a District short link. Your contact page publishes gm.sjp@bygbrewski.com for the Sarjapur branch.

A useful account-side check is whether the District reservation or visit can be reconciled to the campaign source. I did not test the destination or see booking data, so I am not calling the current path broken.

Would a source-linked handoff map be useful? If this branch inbox is not the right route, could you point me to the digital or events-marketing owner?

— Smart Pursuit
smartpursuit3@gmail.com | 7095024220","Hi Byg team,

One follow-up: the active card uses the phrase ‘Friendship Day Edition’ while also describing the brunch as a recurring Sunday event at Sarjapur. I am quoting what the library displayed on 04 Oct, not assuming that a dated promotion or any current offer is available.

Before putting more traffic behind it, the useful check is to confirm the current schedule, terms and the District landing from the branch side.

May I send the one-page public-evidence note to the right owner?

— Smart Pursuit
smartpursuit3@gmail.com | 7095024220","Hi Byg team,

The public ad card exposes a District short link, and your site publishes a Sarjapur branch contact. What I cannot see from outside is whether the click, reservation and eventual visit share a source identifier.

If your team already reconciles those systems, no issue—the note simply lists the checks that can be confirmed with the branch and campaign owner.

Would you direct me to the person responsible for that handoff?

— Smart Pursuit
smartpursuit3@gmail.com | 7095024220","Hi Byg team,

Last note from me. I checked two active Sarjapur brunch cards and the official branch contact page on 04 Oct. The proposed follow-up is limited to the District destination, current offer details and campaign-to-booking reconciliation; I have not accessed bookings or campaign performance.

If another person owns this, a pointer is appreciated. Otherwise I will close the file here.

— Smart Pursuit
smartpursuit3@gmail.com | 7095024220",byg-brewski-paid-media-measurement-audit.pdf,BATCH 3 — checked 04 OCT 2026
Hatti Kaapi,info@hattikaapi.in,"Day 1: WELCOME5: confirm the product-to-order handoff
Day 3: Keep the offer condition visible
Day 7: A code is useful when redemption is traceable
Day 14: Closing the loop on WELCOME5","Hi Hatti Kaapi team,

I saw the active Bengaluru-facing Meta creative for Mysuru Filter Coffee Powder (Library ID 1467413768539691; active when checked 04 Oct). It shows the 90:10 coffee/chicory blend, code WELCOME5 and a Shop Now link to the product page. Your official site banner adds the first-order-above-₹1,000 condition.

I have not tested checkout or seen redemption data. A useful private check is whether the eligibility text, code and campaign source stay together through a completed order.

Would a short evidence-linked route map be useful? If this inbox is not the right one for ecommerce media, could you point me to that owner?

— Smart Pursuit
smartpursuit3@gmail.com | 7095024220","Hi Hatti Kaapi team,

Following up on the WELCOME5 promotion. The ad card says 5% off; the first-party site banner specifies first order above ₹1,000. That is a published condition, not a claim that the checkout is unclear or malfunctioning.

The check I would run with your team is simply whether the product page and checkout carry the same terms and whether the order record captures code plus campaign source.

May I send the one-page checklist to the person who owns this flow?

— Smart Pursuit
smartpursuit3@gmail.com | 7095024220","Hi Hatti Kaapi team,

The visible WELCOME5 code gives the campaign a concrete measurement question: can your own order report connect the ad source, coupon application and completed order? The public Ad Library cannot answer that, and I have not inferred a redemption rate.

I can share the exact field-level checks to run in the account and ecommerce reports, using only the public product and campaign evidence as the starting point.

Would that be useful?

— Smart Pursuit
smartpursuit3@gmail.com | 7095024220","Hi Hatti Kaapi team,

Last note from me. I checked the active Mysuru coffee ad, its product destination, and the official WELCOME5 condition on 04 Oct. I have not accessed spend, coupon redemptions or checkout events.

If a simple source-to-order check would help the ecommerce team, I can send it. Otherwise I will close the file here; if someone else owns it, a pointer is appreciated.

— Smart Pursuit
smartpursuit3@gmail.com | 7095024220",hatti-kaapi-paid-media-measurement-audit.pdf,BATCH 3 — checked 04 OCT 2026
MTR Foods,mediacell@orklaindia.com,"Day 1: North Karnataka pudi creative and the shopping route
Day 3: A source-to-retail question for MTR
Day 7: Keep the regional story and product path connected
Day 14: Closing the loop on the MTR ads","Hi MTR team,

I checked two active cards on the MTR Foods page: the North Karnataka pudi creative (Library ID 3845959365570323) and a spices-and-masalas Shop Now ad (ID 1031401109942215) linking to Orkla's MTR category page. Your official contact page lists mediacell@orklaindia.com for media enquiries and the Ejipura corporate office.

The public records show the creative and one shopping destination; they do not show retail sales or campaign attribution. A useful review would connect the regional creative, product/category route and first-party or retailer order signals using your own data.

If this inbox is not the right owner, could you route me to the digital-commerce or paid-media team?

— Smart Pursuit
smartpursuit3@gmail.com | 7095024220","Hi MTR team,

One follow-up on the public ad check. The North Karnataka pudi card has no destination in the captured view; another active MTR spices ad links to the Orkla MTR category. I cannot tell from outside how either route is credited to retailer or ecommerce sales.

If that attribution is already handled internally, this is simply a way to confirm it across campaign, category and order records. I have not estimated sales or performance.

May I send the short evidence-linked checklist to the team that owns digital commerce?

— Smart Pursuit
smartpursuit3@gmail.com | 7095024220","Hi MTR team,

The captured North Karnataka creative leads with a regional food tradition, while the separate spices ad exposes a product-category shopping link. A private check could confirm whether the chosen category, product availability and campaign-source field align for the intended market.

The public ad cards do not reveal purchase results, so I have kept the review to visible copy, dates and destinations.

Would a one-page path map be useful to the media or ecommerce owner?

— Smart Pursuit
smartpursuit3@gmail.com | 7095024220","Hi MTR team,

Last note from me. I checked the two selected MTR creatives and the official contact page on 04 Oct. I have not accessed ad accounts, retail orders or attribution data.

If a source-to-retail check is useful, I can send the exact public evidence and the private questions to confirm. If another team owns that work, a pointer would be appreciated; otherwise I will close this out.

— Smart Pursuit
smartpursuit3@gmail.com | 7095024220",mtr-foods-paid-media-measurement-audit.pdf,BATCH 3 — checked 04 OCT 2026
Popeyes India,wecare@popeyes.in,"Day 1: Bengaluru opening ads: comment-to-DM measurement
Day 3: Confirm the offer before measuring redemption
Day 7: A branch-level redemption map
Day 14: Closing the loop on the Bengaluru opening ads","Hi Popeyes team,

I checked two active Bengaluru creatives in Meta Ad Library: Sai Meadows, Kudlu (ID 2190804264833947) and J R Plaza, Kanakpura Road (ID 2327094064759580). Both ask people to comment ‘Popeyes Chicken’ for a code by DM and state a ₹199 minimum order. The cards say the offer is subject to stocks and terms, so I am not assuming it is still redeemable.

A useful private check is whether comment, code issue and eligible order redemption can be reconciled by branch. The public ads do not expose those results.

I found wecare@popeyes.in on your official contact page; if customer care is not the right team, could you route this to the digital or store-acquisition owner?

— Smart Pursuit
smartpursuit3@gmail.com | 7095024220","Hi Popeyes team,

Following up on the Bengaluru opening cards. Their terms say the free item is valid until stocks last and can change without notice. I have recorded the copy as observed on 04 Oct, not as a claim about current branch stock or offer availability.

Once the current terms are confirmed, the useful measurement question is whether the DM code can be matched to an eligible order at the named store.

Would a short source-linked checklist help the team?

— Smart Pursuit
smartpursuit3@gmail.com | 7095024220","Hi Popeyes team,

The public mechanic has a clear sequence: comment, receive a code by DM, then place an eligible order. If your team already reconciles that sequence, the next check is simply whether the store and campaign identifiers remain attached to the redemption record.

I cannot see code issuance or order data from the Ad Library, so I have not made a conversion claim.

May I send the one-page route map to the person who owns campaign measurement?

— Smart Pursuit
smartpursuit3@gmail.com | 7095024220","Hi Popeyes team,

Last note from me. I checked the two Bengaluru opening creatives and your official contact page on 04 Oct. The public copy is stock- and terms-limited, and I have not checked current redemption, spend or orders.

If a branch-level comment-to-order reconciliation check would be useful, I can send the exact evidence and private questions. Otherwise I will close this out; a pointer to the right owner is welcome.

— Smart Pursuit
smartpursuit3@gmail.com | 7095024220",popeyes-india-paid-media-measurement-audit.pdf,BATCH 3 — checked 04 OCT 2026
Sagar Ratna,customercare@sagarratna.in,"Day 1: BLR Benne Masala Dosa: confirm the local destination
Day 3: A destination check before the campaign review
Day 7: The published contact route is for press and media
Day 14: Closing the loop on the Bengaluru creative","Hi Sagar Ratna team,

I saw the active Meta creative that says “Bengaluru gave the world two superstars” and promotes the BLR Benne Masala Dosa (Library ID 4319462314993083; active when checked 04 Oct). The card uses a Locate Us CTA.

I also reviewed the official locations page, but the content returned to me did not confirm a Bengaluru outlet address. I am treating the ad as a city signal, not claiming a current local store. Could you confirm the intended Bengaluru destination and route this note to the team that owns the campaign?

The public card does not show spend or orders. I can share a short, source-linked note that separates what is visible from the private checks.

— Smart Pursuit
smartpursuit3@gmail.com | 7095024220","Hi Sagar Ratna team,

Following up on the BLR Benne Masala Dosa creative. The ad's Locate Us CTA is visible, but the Bengaluru outlet was not confirmed in the location-page content I reviewed. That is an unconfirmed result from one public locator check—not a claim that no outlet exists.

Before assessing the city journey, the useful check is to confirm the local destination, current store/partner details and any branch-level order source.

Would the one-page evidence map be useful to the appropriate team?

— Smart Pursuit
smartpursuit3@gmail.com | 7095024220","Hi Sagar Ratna team,

Your official contact page publishes customercare@sagarratna.in for press and media enquiries and offers a separate Partnership Opportunities form option. I am using the published address only to ask for routing; I have not identified a paid-media buyer on public pages.

If performance marketing sits with another team or franchise partner, could you direct me to the right owner for the Bengaluru creative?

— Smart Pursuit
smartpursuit3@gmail.com | 7095024220","Hi Sagar Ratna team,

Last note from me. I checked the active BLR Benne Masala Dosa creative, the official contact page and the location page on 04 Oct. A Bengaluru outlet was not confirmed by the locator content reviewed, so I have not described one as present or absent.

If the campaign is handled by a local partner, a pointer to that contact would be helpful. Otherwise I will close the file here.

— Smart Pursuit
smartpursuit3@gmail.com | 7095024220",sagar-ratna-paid-media-measurement-audit.pdf,BATCH 3 — checked 04 OCT 2026
McDonald's India,corpcomm@mcdonaldsindia.com,"Day 1: Order Now path: a redirect continuity check
Day 3: Confirm the final destination and source fields
Day 7: A public campaign label is not targeting data
Day 14: Closing the loop on the redirect chain","Hi McDonald's India team,

I checked the active Meta creative that says “Celebrating 30 years of your every family at McDonald's” (Library ID 1376996287487142; started 08 Sep). Its public Order Now URL shows an MFilterIt redirect, a DoubleClick trackclk URL and a Smart.link destination; the URL also carries a Bangalore_Anthem_Video_8Sept_Click label.

That visible chain is not proof of a tracking fault. The useful account-side QA is to confirm that click IDs and campaign parameters survive each redirect and that the final order event is recorded.

I found corpcomm@mcdonaldsindia.com labeled Media Contact on the HRPL page. If this is not the right owner, could you route the note to digital marketing or analytics?

— Smart Pursuit
smartpursuit3@gmail.com | 7095024220","Hi McDonald's India team,

Following up on the public click path for the 30-year creative. The Ad Library exposes several URL layers, but not the final order journey or event logs. I have not concluded that any redirect or measurement event is missing.

A test click in the team's approved environment could confirm the final landing, campaign parameters, consent behavior and order-source capture.

Would a short route map help the campaign owner review those points?

— Smart Pursuit
smartpursuit3@gmail.com | 7095024220","Hi McDonald's India team,

One caution from the audit: the captured URL includes Bangalore_Anthem_Video_8Sept_Click, while the visible ad copy is a broad family message. I am treating that string as a campaign label only; it does not tell me who saw the ad or where it was delivered.

If Bengaluru delivery is the business question, the account-side audience and delivery report is the right evidence. The public card cannot answer it.

Could you point me to the owner of that check?

— Smart Pursuit
smartpursuit3@gmail.com | 7095024220","Hi McDonald's India team,

Last note from me. I reviewed one active Order Now creative and the official HRPL contact page on 04 Oct. The only recommendation is to verify redirect and order-event continuity inside the approved test/reporting environment; I have not accessed performance data.

If another team owns the flow, a pointer would be appreciated. Otherwise I will close this out.

— Smart Pursuit
smartpursuit3@gmail.com | 7095024220",mcdonalds-india-paid-media-measurement-audit.pdf,BATCH 3 — checked 04 OCT 2026
Starbucks India,contact@tatastarbucks.com,"Day 1: Birthday experience creative: verify the destination
Day 3: A careful note on the Google search
Day 7: Confirm the first-party contact and measurement owner
Day 14: Closing the loop on the birthday creative","Hi Starbucks India team,

I checked the active Meta birthday creative “The Playhouse — Birthdays with Starbucks” (Library ID 2583381455437352; started 11 Sep; active when checked 04 Oct). The card asks people to plan a birthday and publishes a customer-care email and phone.

I could not see bookings or enquiry outcomes from the public record. A useful private check is how enquiries received through that published route are recorded and reconciled to the campaign.

Your official Bengaluru store listing publishes contact@tatastarbucks.com; I am using that general route only to ask for the campaign owner. Would a short, source-linked route note be useful, or could you point me to the person who owns paid-media measurement?

— Smart Pursuit
smartpursuit3@gmail.com | 7095024220","Hi Starbucks India team,

One detail from the public check: a Google Ads Transparency query on the Starbucks domain surfaced MIGHTYHIVE entities, not Tata Starbucks. I did not attribute those results to Starbucks and did not report a brand Google count. That query also does not prove there is no Starbucks Google activity.

The active Meta birthday creative is directly page-resolved. If useful, I can share the source links and the exact questions to confirm in your own campaign account.

— Smart Pursuit
smartpursuit3@gmail.com | 7095024220","Hi Starbucks India team,

Following up on the birthday-experience creative. The official Bengaluru store listing shows contact@tatastarbucks.com, while the rewards terms page publishes customercare@tatastarbucks.com. The dynamic pages returned an error to my crawler on 04 Oct, so I have recorded that limitation and included both direct URLs for manual rechecking.

Neither route is identified as a marketing buyer. If this is not the right inbox, would you direct me to the team responsible for campaign measurement?

— Smart Pursuit
smartpursuit3@gmail.com | 7095024220","Hi Starbucks India team,

Last note from me. I checked the page-resolved Meta creative and official store/contact sources on 04 Oct. I have not accessed account performance or booking data, and I have not attributed the Google domain results to Tata Starbucks.

If a public-to-private measurement checklist would help the campaign owner, I can send it; otherwise I will close this out. A pointer to the right contact is welcome.

— Smart Pursuit
smartpursuit3@gmail.com | 7095024220",starbucks-india-paid-media-measurement-audit.pdf,BATCH 3 — checked 04 OCT 2026
Krispy Kreme India,manish.ramu@curefoods.in,"Day 1: A teaser-to-store measurement question
Day 3: Keep the Google attribution precise
Day 7: A clear route from social to an order
Day 14: Closing the loop on the teaser","Hi Krispy Kreme India team,

I saw the active Meta teaser “Who is he waiting for? Any guesses?” (Library ID 1080503658064091; started 02 Oct; checked 04 Oct). Its public CTA opens the Krispy Kreme India Instagram profile. Your FAQ also publishes a corporate/birthday-order route at manish.ramu@curefoods.in and says stores are present in Bangalore.

I cannot see campaign outcomes from the public card. A useful private check is to confirm the intended next action and the event that connects social attention to an order or store visit.

If this inbox is not right for campaign measurement, could you point me to the digital marketing owner?

— Smart Pursuit
smartpursuit3@gmail.com | 7095024220","Hi Krispy Kreme India team,

A careful note from the public check: the Google domain query returned six items under verified Curefoods. Your FAQ states Curefoods holds master-franchise rights, but the domain view alone does not establish that each creative is Krispy Kreme-specific. I have not counted them as Krispy ads.

If the team wants a Google inventory review, the next step is to attribute each individual creative to the relevant brand and advertiser before using a count.

Would a short source-linked note be useful?

— Smart Pursuit
smartpursuit3@gmail.com | 7095024220","Hi Krispy Kreme India team,

Your official locator lists Bengaluru branches and the FAQ publishes a route for corporate and birthday orders. The selected ad is a teaser with an Instagram CTA, so the public evidence does not tell me whether the intended outcome is awareness, an order, or a store visit.

The useful check is to define that next action and connect it to the appropriate private event or store report; I have not inferred a result.

Could you direct me to the team that owns this work?

— Smart Pursuit
smartpursuit3@gmail.com | 7095024220","Hi Krispy Kreme India team,

Last note from me. I checked the active Instagram teaser, the official FAQ and the Bengaluru locator on 04 Oct. I have not accessed ad-account performance, store sales or birthday-order data, and I have not attributed the Google domain results item-by-item to Krispy Kreme.

If a short evidence map would help the campaign owner, I can send it; otherwise I will close the file here.

— Smart Pursuit
smartpursuit3@gmail.com | 7095024220",krispy-kreme-india-paid-media-measurement-audit.pdf,BATCH 3 — checked 04 OCT 2026
Theobroma,marketing@theobroma.in,"Day 1: Instagram CTA
Day 3: Google query
Day 7: order outcome
Day 14: right owner","Hi Theobroma team,

The India-filtered Meta Library shows Theobroma Patisserie India card 1780819583258589 as Active and Sponsored, starting 08 Sep 2026. Its copy asks ‘Any tips on how to pick just one?’ and the Learn more link opens an Instagram profile labelled Theobroma Patisserie India.

The public record does not expose private spend, orders or event firing. The published route, marketing@theobroma.in, is used only to ask for the right owner; I have not assumed it is the paid-media team.

Would you point me to the person responsible for paid-media measurement?

— Smart Pursuit
smartpursuit3@gmail.com | 7095024220","Hi Theobroma team,

The Google Transparency domain view returned 13 any-time results and showed a preview under verified Puretech Internet Private Limited. I could not establish the advertiser relationship or current Theobroma-specific activity, so I have not called it a live Theobroma count.

I have not converted a public ad count, domain query or click path into a performance claim.

Would a short source-linked handoff be useful?

— Smart Pursuit
smartpursuit3@gmail.com | 7095024220","Hi Theobroma team,

Your Bengaluru store locator displayed outlet results on 04 Oct. If the Instagram CTA is intended to lead toward an order or store visit, the useful internal question is which completed event or order record is the agreed outcome and how the path is reconciled.

That is an account-side verification step only, not a claim that anything is missing or underperforming.

Is this the right team to ask?

— Smart Pursuit
smartpursuit3@gmail.com | 7095024220","Hi Theobroma team,

I have a source-linked public snapshot of the active card, Bengaluru locator and published marketing/PR route. It contains no spend or outcome estimate; I can share the audit if a short handoff would help.

This is my last note. If this is not the right route, could you point me to the owner of paid-media measurement? No private result has been inferred.

— Smart Pursuit
smartpursuit3@gmail.com | 7095024220",theobroma-paid-media-measurement-audit.pdf,BATCH 4 — checked 04 OCT 2026
The Belgian Waffle Co.,marketing@bloombay.in,"Day 1: Maps link
Day 3: locator check
Day 7: store outcome
Day 14: right owner","Hi The Belgian Waffle Co. team,

The active Meta card on The Belgian Waffle Co. page is Library ID 1130453286074164 (started 01 Oct 2026). Its Maps short link resolved in the static check to Pan Bazaar, Guwahati, not a verifiable Belgian Waffle outlet; I am not calling it a Bengaluru destination.

The public record does not expose private spend, orders or event firing. The published route, marketing@bloombay.in, is used only to ask for the right owner; I have not assumed it is the paid-media team.

Would you point me to the person responsible for paid-media measurement?

— Smart Pursuit
smartpursuit3@gmail.com | 7095024220","Hi The Belgian Waffle Co. team,

The official FAQ publishes marketing@bloombay.in for campaign/content/partnership enquiries. Its indexed Karnataka location page lists Bengaluru entries, but the direct page returned 404 and the interactive locator did not render the city rows. I have recorded that limitation rather than assuming a current outlet count.

I have not converted a public ad count, domain query or click path into a performance claim.

Would a short source-linked handoff be useful?

— Smart Pursuit
smartpursuit3@gmail.com | 7095024220","Hi The Belgian Waffle Co. team,

If a Maps step is intended to drive store visits, one internal check is to confirm the exact store URL/pin and agree which store-visit or order event is authoritative. The public record alone does not show a visit or order.

That is an account-side verification step only, not a claim that anything is missing or underperforming.

Is this the right team to ask?

— Smart Pursuit
smartpursuit3@gmail.com | 7095024220","Hi The Belgian Waffle Co. team,

I have a source-linked note on the active card, its unverified Maps link and the first-party locator caveat. If this route is not the right place for measurement questions, could you point me to the owner?

This is my last note. If this is not the right route, could you point me to the owner of paid-media measurement? No private result has been inferred.

— Smart Pursuit
smartpursuit3@gmail.com | 7095024220",the-belgian-waffle-co-paid-media-measurement-audit.pdf,BATCH 4 — checked 04 OCT 2026
Behrouz Biryani,help@behrouzbiryani.com,"Day 1: app-order path
Day 3: Google check
Day 7: order event
Day 14: right owner","Hi Behrouz Biryani team,

Meta Library ID 963874089761793 is labelled Behrouz Biryani, Sponsored and Active when checked 04 Oct 2026, with a 12 May start date. Its copy promotes the Long Lost Menu and the Order Now link points to the Behrouz app.

The public record does not expose private spend, orders or event firing. The published route, help@behrouzbiryani.com, is used only to ask for the right owner; I have not assumed it is the paid-media team.

Would you point me to the person responsible for paid-media measurement?

— Smart Pursuit
smartpursuit3@gmail.com | 7095024220","Hi Behrouz Biryani team,

The Google domain view showed 59 any-time results under verified Rebel Foods, and a reviewed preview promoted Oven Story rather than Behrouz. I have not treated those mixed results as current Behrouz Google activity.

I have not converted a public ad count, domain query or click path into a performance claim.

Would a short source-linked handoff be useful?

— Smart Pursuit
smartpursuit3@gmail.com | 7095024220","Hi Behrouz Biryani team,

Your official ordering page lists Bengaluru serving locations. If the app CTA is meant to drive a completed order, the useful private check is the agreed order event, attribution window and source field—not an outcome inferred from the public card.

That is an account-side verification step only, not a claim that anything is missing or underperforming.

Is this the right team to ask?

— Smart Pursuit
smartpursuit3@gmail.com | 7095024220","Hi Behrouz Biryani team,

The public snapshot contains a specific active card and local ordering context, but no account results. If the help inbox is not the right place for measurement questions, would you forward this to the relevant owner?

This is my last note. If this is not the right route, could you point me to the owner of paid-media measurement? No private result has been inferred.

— Smart Pursuit
smartpursuit3@gmail.com | 7095024220",behrouz-biryani-paid-media-measurement-audit.pdf,BATCH 4 — checked 04 OCT 2026
Bakingo,care@bakingo.com,"Day 1: campaign URL
Day 3: store route
Day 7: macro check
Day 14: right owner","Hi Bakingo team,

The active Meta card 1180961354140420 (started 03 Dec 2025) promotes Butterfly Cakes with 15% off using CK15 and an Order Now link to Bakingo's own category page. The visible URL includes encoded campaign.name and adset.name template tokens; I did not test whether they resolve in the live request.

The public record does not expose private spend, orders or event firing. The published route, care@bakingo.com, is used only to ask for the right owner; I have not assumed it is the paid-media team.

Would you point me to the person responsible for paid-media measurement?

— Smart Pursuit
smartpursuit3@gmail.com | 7095024220","Hi Bakingo team,

Bakingo's official Bengaluru cake-store page lists local shop addresses and the grievance policy publishes care@bakingo.com. That is a support route, not a media buyer; I would use it only to ask for the right referral.

I have not converted a public ad count, domain query or click path into a performance claim.

Would a short source-linked handoff be useful?

— Smart Pursuit
smartpursuit3@gmail.com | 7095024220","Hi Bakingo team,

If the campaign URL is intended to preserve source data, the useful internal check is whether the final click URL resolves its template tokens and whether an authorized test order records the agreed campaign fields. The public card alone cannot confirm either result.

That is an account-side verification step only, not a claim that anything is missing or underperforming.

Is this the right team to ask?

— Smart Pursuit
smartpursuit3@gmail.com | 7095024220","Hi Bakingo team,

I have kept this to the visible card, first-party Bengaluru store listing and published support route. There is no account performance estimate in the note; please redirect me if a different team owns measurement.

This is my last note. If this is not the right route, could you point me to the owner of paid-media measurement? No private result has been inferred.

— Smart Pursuit
smartpursuit3@gmail.com | 7095024220",bakingo-paid-media-measurement-audit.pdf,BATCH 4 — checked 04 OCT 2026
Taco Bell India,tacobellcare@burmanhospitality.com,"Day 1: Meal Mania
Day 3: Google query
Day 7: order event
Day 14: media referral","Hi Taco Bell India team,

Meta Library ID 2167460064200925 is on the Taco Bell India page, Active and Sponsored when checked 04 Oct 2026, starting 02 Oct. The copy promotes Meal Mania meals from ₹89 with an Order Now app link.

The public record does not expose private spend, orders or event firing. The published route, tacobellcare@burmanhospitality.com, is used only to ask for the right owner; I have not assumed it is the paid-media team.

Would you point me to the person responsible for paid-media measurement?

— Smart Pursuit
smartpursuit3@gmail.com | 7095024220","Hi Taco Bell India team,

The Google domain query returned two any-time items under Matrix Publicities and Media India Private Limited. The reviewed video was last shown 05 Jul 2026 and could not be inspected, so I have not attributed it as current Taco Bell activity.

I have not converted a public ad count, domain query or click path into a performance claim.

Would a short source-linked handoff be useful?

— Smart Pursuit
smartpursuit3@gmail.com | 7095024220","Hi Taco Bell India team,

Official locator search snippets list Bengaluru restaurants, but direct fetch of the locator returned HTTP 500 on 04 Oct. The selected app creative does not identify an audience city. If an order is the intended outcome, a useful private check is the app event definition, source field and date window used to reconcile completed orders.

That is an account-side verification step only, not a claim that anything is missing or underperforming.

Is this the right team to ask?

— Smart Pursuit
smartpursuit3@gmail.com | 7095024220","Hi Taco Bell India team,

Burman Hospitality's corporate form includes a Marketing and Media category; the published email is a customer-care route. If that form is more appropriate, I am happy to direct the note there.

This is my last note. If this is not the right route, could you point me to the owner of paid-media measurement? No private result has been inferred.

— Smart Pursuit
smartpursuit3@gmail.com | 7095024220",taco-bell-india-paid-media-measurement-audit.pdf,BATCH 4 — checked 04 OCT 2026
Wow! Momo,info@wowmomo.co.in,"Day 1: ₹99 cities
Day 3: local locator
Day 7: store outcome
Day 14: right owner","Hi Wow! Momo team,

The Wow! Momo card 2300405184049353 is Active and Sponsored when checked 04 Oct 2026, starting 22 Sep. Its ₹99 copy names Delhi, Siliguri, Jalpaiguri and Vadodara; I am not treating it as a Bengaluru-targeted offer.

The public record does not expose private spend, orders or event firing. The published route, info@wowmomo.co.in, is used only to ask for the right owner; I have not assumed it is the paid-media team.

Would you point me to the person responsible for paid-media measurement?

— Smart Pursuit
smartpursuit3@gmail.com | 7095024220","Hi Wow! Momo team,

The official restaurant locator separately lists Bengaluru outlets. The Google domain query returned no results, which does not prove there are no Google campaigns; I have not made a zero-ad claim.

I have not converted a public ad count, domain query or click path into a performance claim.

Would a short source-linked handoff be useful?

— Smart Pursuit
smartpursuit3@gmail.com | 7095024220","Hi Wow! Momo team,

If the local objective is a store visit or an order, a useful internal check is to define which event is authoritative and how its store/city is recorded. The public card does not show that outcome.

That is an account-side verification step only, not a claim that anything is missing or underperforming.

Is this the right team to ask?

— Smart Pursuit
smartpursuit3@gmail.com | 7095024220","Hi Wow! Momo team,

The public snapshot keeps the non-Bengaluru offer copy separate from the first-party Bengaluru locator. If info@ is not suitable for campaign questions, could you point me to the right owner?

This is my last note. If this is not the right route, could you point me to the owner of paid-media measurement? No private result has been inferred.

— Smart Pursuit
smartpursuit3@gmail.com | 7095024220",wow-momo-paid-media-measurement-audit.pdf,BATCH 4 — checked 04 OCT 2026
Polar Bear,polarbear@polarbear.co.in,"Day 1: HCF creative
Day 3: contact route
Day 7: CTA outcome
Day 14: right owner","Hi Polar Bear team,

The Polar Bear-The Ice Cream Sundae Zone page shows active card 1569205697824965, started 27 Sep 2026, with Hot Chocolate Fudge and rainy-day copy. The captured card labels Learn more, but I could not verify a final landing or order path.

The public record does not expose private spend, orders or event firing. The published route, polarbear@polarbear.co.in, is used only to ask for the right owner; I have not assumed it is the paid-media team.

Would you point me to the person responsible for paid-media measurement?

— Smart Pursuit
smartpursuit3@gmail.com | 7095024220","Hi Polar Bear team,

The official store locator lists Bengaluru-area branches. One contact detail needs care: the Contact Us page displays customercare@polarbear.co.in, while the linked mailto target is polarbear@polarbear.co.in. I have recorded that mismatch rather than treating the displayed label as a confirmed mailbox.

I have not converted a public ad count, domain query or click path into a performance claim.

Would a short source-linked handoff be useful?

— Smart Pursuit
smartpursuit3@gmail.com | 7095024220","Hi Polar Bear team,

If Learn more is intended to lead to an order or store action, an internal check could identify the final landing URL and the agreed event or store record used for reconciliation. No public result is available from the card.

That is an account-side verification step only, not a claim that anything is missing or underperforming.

Is this the right team to ask?

— Smart Pursuit
smartpursuit3@gmail.com | 7095024220","Hi Polar Bear team,

I have a source-linked note on the creative, Bengaluru presence and the email-label mismatch. Please verify the correct inbox before sending and redirect this question if another team owns measurement.

This is my last note. If this is not the right route, could you point me to the owner of paid-media measurement? No private result has been inferred.

— Smart Pursuit
smartpursuit3@gmail.com | 7095024220",polar-bear-paid-media-measurement-audit.pdf,BATCH 4 — checked 04 OCT 2026
Jumboking,customersupport@jumboking.co.in,"Day 1: Kolkata route
Day 3: Google results
Day 7: city outcome
Day 14: support referral","Hi Jumboking team,

The Jumboking page shows active card 1649763583386413, started 28 Sep 2026. The creative explicitly says Kolkata and its Order now link points to a Zomato Kolkata listing; I am not presenting it as a Bengaluru ad.

The public record does not expose private spend, orders or event firing. The published route, customersupport@jumboking.co.in, is used only to ask for the right owner; I have not assumed it is the paid-media team.

Would you point me to the person responsible for paid-media measurement?

— Smart Pursuit
smartpursuit3@gmail.com | 7095024220","Hi Jumboking team,

The official Bengaluru locator lists two outlet addresses. The Google domain view returned four any-time results under verified Jumboking Foods Pvt. Ltd.; I have not treated that total as current active creative inventory.

I have not converted a public ad count, domain query or click path into a performance claim.

Would a short source-linked handoff be useful?

— Smart Pursuit
smartpursuit3@gmail.com | 7095024220","Hi Jumboking team,

If the relevant local outcome is a Bengaluru order or visit, the useful internal check is to define the specific store, event and source field before reconciling it with campaign data. The public Kolkata card does not show that result.

That is an account-side verification step only, not a claim that anything is missing or underperforming.

Is this the right team to ask?

— Smart Pursuit
smartpursuit3@gmail.com | 7095024220","Hi Jumboking team,

I have kept the Kolkata ad and Bengaluru locator evidence distinct. If the customer-support address is not appropriate, could you redirect me to the paid-media measurement owner?

This is my last note. If this is not the right route, could you point me to the owner of paid-media measurement? No private result has been inferred.

— Smart Pursuit
smartpursuit3@gmail.com | 7095024220",jumboking-paid-media-measurement-audit.pdf,BATCH 4 — checked 04 OCT 2026
Swiggy,akanksha.j@swiggy.in,"Day 1: versioned ad
Day 3: Toing creative
Day 7: listing clicks
Day 14: right owner","Hi Swiggy team,

The Swiggy page shows active card 1004826868771702, started 19 May 2026, with ‘Your favourite meals are just a tap away on Swiggy’ and an Order Now link. The card says it has multiple versions: the latest capture linked to Ludhiana Pizza Wings, while a prior capture showed Mumbai Subway. I am including Swiggy as a food-delivery platform, not a restaurant, and not calling this a Bengaluru-targeted ad.

The public record does not expose private spend, orders or event firing. The published route, akanksha.j@swiggy.in, is used only to ask for the right owner; I have not assumed it is the paid-media team.

Would you point me to the person responsible for paid-media measurement?

— Smart Pursuit
smartpursuit3@gmail.com | 7095024220","Hi Swiggy team,

The Google domain query is a mixed any-time view. A verified SWIGGY LIMITED advertiser's individual creative CR12702785112756977665 promotes Toing, not Swiggy's consumer food-order brand. I have not counted it as current Swiggy consumer-brand activity.

I have not converted a public ad count, domain query or click path into a performance claim.

Would a short source-linked handoff be useful?

— Smart Pursuit
smartpursuit3@gmail.com | 7095024220","Hi Swiggy team,

If a restaurant-listing click is intended to drive an order, the useful private check is which event, city and campaign/source identifier connect that version's click to a completed order. The public card does not show that outcome.

That is an account-side verification step only, not a claim that anything is missing or underperforming.

Is this the right team to ask?

— Smart Pursuit
smartpursuit3@gmail.com | 7095024220","Hi Swiggy team,

I have a source-linked public snapshot of the platform card, Bengaluru corporate contact and the separate Toing creative. If the Food/Dineout PR route is not suitable, could you point me to the team responsible for measurement?

This is my last note. If this is not the right route, could you point me to the owner of paid-media measurement? No private result has been inferred.

— Smart Pursuit
smartpursuit3@gmail.com | 7095024220",swiggy-paid-media-measurement-audit.pdf,BATCH 4 — checked 04 OCT 2026
Chaayos,letstalk@chaayos.com,"Day 1: Dine@99 map
Day 3: store locator
Day 7: store outcome
Day 14: right owner","Hi Chaayos team,

The Chaayos page shows active card 2110584583181157, started 18 Sep 2026, with a Dine@99 offer and a Maps short link. The static fetch returned Dynamic Link Not Found, so I could not verify the final location.

The public record does not expose private spend, orders or event firing. The published route, letstalk@chaayos.com, is used only to ask for the right owner; I have not assumed it is the paid-media team.

Would you point me to the person responsible for paid-media measurement?

— Smart Pursuit
smartpursuit3@gmail.com | 7095024220","Hi Chaayos team,

Chaayos' first-party locator includes Bengaluru outlet records and publishes letstalk@chaayos.com. It displayed 109 locator results overall, not a Bengaluru count; the Google domain query returned zero results, which is not proof of no campaigns.

I have not converted a public ad count, domain query or click path into a performance claim.

Would a short source-linked handoff be useful?

— Smart Pursuit
smartpursuit3@gmail.com | 7095024220","Hi Chaayos team,

If the Maps step is intended to drive a store visit, one internal check is to confirm the exact current pin and agree which store-visit, order or redemption event is authoritative. The public link did not reveal that result.

That is an account-side verification step only, not a claim that anything is missing or underperforming.

Is this the right team to ask?

— Smart Pursuit
smartpursuit3@gmail.com | 7095024220","Hi Chaayos team,

I have a source-linked note on the active card, first-party locator and unresolved Maps short link. If the general inbox is not right for measurement questions, could you direct me to the appropriate owner?

This is my last note. If this is not the right route, could you point me to the owner of paid-media measurement? No private result has been inferred.

— Smart Pursuit
smartpursuit3@gmail.com | 7095024220",chaayos-paid-media-measurement-audit.pdf,BATCH 4 — checked 04 OCT 2026
NATUF,hello@natuf.in,"Day 1: koramangala card
Day 3: map handoff
Day 7: order source
Day 14: measurement owner","Hi NATUF team,

I checked the individual India-filtered Meta card 1976436179706369: it is labelled Sponsored and Active, started 24 Jul 2026 and names Natuf Cafe in Koramangala. I have not treated its Maps link as proof of a visit or order.

The public record does not expose private spend, orders or event firing. The published route, hello@natuf.in, is used only to ask for the right owner; I have not assumed it is the paid-media team.

Would you point me to the person responsible for paid-media measurement?

— Smart Pursuit
smartpursuit3@gmail.com | 7095024220","Hi NATUF team,

The card's visible next step is a Maps short link labelled for the Koramangala opening. The public record does not show whether store visits, online orders or another agreed event are reconciled to that route.

I have not converted a public ad count, domain query or click path into a performance claim.

Would a short source-linked handoff be useful?

— Smart Pursuit
smartpursuit3@gmail.com | 7095024220","Hi NATUF team,

For a measurement review, the internal definition would start with the chosen outcome (such as a store visit or completed online order) and its source-of-record. Neither is public in this snapshot.

That is an account-side verification step only, not a claim that anything is missing or underperforming.

Is this the right team to ask?

— Smart Pursuit
smartpursuit3@gmail.com | 7095024220","Hi NATUF team,

The official contact page publishes a support route and a separate business-partnership form, but it does not name a media buyer. I can share the source-linked audit with the right owner if you can point me there.

This is my last note. If this is not the right route, could you point me to the owner of paid-media measurement? No private result has been inferred.

— Smart Pursuit
smartpursuit3@gmail.com | 7095024220",natuf-paid-media-measurement-audit.pdf,BATCH 5 — checked 04 OCT 2026
Swish Now,support@justswish.in,"Day 1: 10 minute card
Day 3: route check
Day 7: event definition
Day 14: right owner","Hi Swish Now team,

The Swish Now card 1471457201452711 is shown Sponsored and Active, started 12 Aug 2026. Its copy says 'serving fresh food in 10 minutes (or less)'; I have not treated that as a measured delivery time or conversion result.

The public record does not expose private spend, orders or event firing. The published route, support@justswish.in, is used only to ask for the right owner; I have not assumed it is the paid-media team.

Would you point me to the person responsible for paid-media measurement?

— Smart Pursuit
smartpursuit3@gmail.com | 7095024220","Hi Swish Now team,

In the captured card view, the CTA is Learn more but the final destination was not exposed. I have not inferred an order path or event from the label.

I have not converted a public ad count, domain query or click path into a performance claim.

Would a short source-linked handoff be useful?

— Smart Pursuit
smartpursuit3@gmail.com | 7095024220","Hi Swish Now team,

The official site says Swish started in Bengaluru and publishes support@justswish.in. For an account-side review, which order event and time window would your team reconcile against the selected ad ID?

That is an account-side verification step only, not a claim that anything is missing or underperforming.

Is this the right team to ask?

— Smart Pursuit
smartpursuit3@gmail.com | 7095024220","Hi Swish Now team,

If support is not the right route, could you direct this note to whoever owns paid-media measurement? No private outcome is assumed.

This is my last note. If this is not the right route, could you point me to the owner of paid-media measurement? No private result has been inferred.

— Smart Pursuit
smartpursuit3@gmail.com | 7095024220",swish-now-paid-media-measurement-audit.pdf,BATCH 5 — checked 04 OCT 2026
Thalairaj Biryani,thalairajbiryani@gmail.com,"Day 1: gunjur creative
Day 3: order route
Day 7: outcome mapping
Day 14: right contact","Hi Thalairaj Biryani team,

The selected Thalairaj Biryani card (1602922944095582) is shown Sponsored and Active, started 15 Apr 2026 and says it is now delivering at Gunjur, Bangalore. Its Order now action points to Linktree; I did not test checkout or event firing.

The public record does not expose private spend, orders or event firing. The published route, thalairajbiryani@gmail.com, is used only to ask for the right owner; I have not assumed it is the paid-media team.

Would you point me to the person responsible for paid-media measurement?

— Smart Pursuit
smartpursuit3@gmail.com | 7095024220","Hi Thalairaj Biryani team,

The visible Linktree handoff does not disclose which internal order record, if any, is attributed to the ad. I have not inferred sales from the CTA.

I have not converted a public ad count, domain query or click path into a performance claim.

Would a short source-linked handoff be useful?

— Smart Pursuit
smartpursuit3@gmail.com | 7095024220","Hi Thalairaj Biryani team,

The official site publishes thalairajbiryani@gmail.com and a Contact Us route, but does not name a measurement owner. A useful internal check would be the event definition, identity mapping and date window.

That is an account-side verification step only, not a claim that anything is missing or underperforming.

Is this the right team to ask?

— Smart Pursuit
smartpursuit3@gmail.com | 7095024220","Hi Thalairaj Biryani team,

If this published contact is not the right team, I would appreciate a pointer to the paid-media measurement owner. No current offer or performance figure has been assumed.

This is my last note. If this is not the right route, could you point me to the owner of paid-media measurement? No private result has been inferred.

— Smart Pursuit
smartpursuit3@gmail.com | 7095024220",thalairaj-biryani-paid-media-measurement-audit.pdf,BATCH 5 — checked 04 OCT 2026
Tuk Tuk Thai India,Tuktukthaiind@gmail.com,"Day 1: bengaluru creative
Day 3: instagram handoff
Day 7: booking signals
Day 14: right team","Hi Tuk Tuk Thai India team,

The individual India Ad Library card 3411800248981078 is shown Active and Sponsored from 26 Aug 2026. It names Bengaluru and lists Koramangala, JP Nagar, Whitefield, RR Nagar and Hennur Road, with a See details Instagram link.

The public record does not expose private spend, orders or event firing. The published route, Tuktukthaiind@gmail.com, is used only to ask for the right owner; I have not assumed it is the paid-media team.

Would you point me to the person responsible for paid-media measurement?

— Smart Pursuit
smartpursuit3@gmail.com | 7095024220","Hi Tuk Tuk Thai India team,

The ad link uses @tuk_tuk_thai_india_official, while the official Contact Us page links @tuk.tuk.thai.ind. I have not treated these as the same profile or inferred a booking path.

I have not converted a public ad count, domain query or click path into a performance claim.

Would a short source-linked handoff be useful?

— Smart Pursuit
smartpursuit3@gmail.com | 7095024220","Hi Tuk Tuk Thai India team,

If you measure table enquiries or orders internally, which event definition and source-of-record would you want tied to an individual paid card? No conversion is visible in the public library.

That is an account-side verification step only, not a claim that anything is missing or underperforming.

Is this the right team to ask?

— Smart Pursuit
smartpursuit3@gmail.com | 7095024220","Hi Tuk Tuk Thai India team,

This note is going to the India contact printed for Sama Hospitality LLP. If that is not the right route, could you direct it to whoever owns paid-media measurement?

This is my last note. If this is not the right route, could you point me to the owner of paid-media measurement? No private result has been inferred.

— Smart Pursuit
smartpursuit3@gmail.com | 7095024220",tuk-tuk-thai-india-paid-media-measurement-audit.pdf,BATCH 5 — checked 04 OCT 2026
Chelvies Coffee,info@chelviescoffee.com,"Day 1: spiderweb pizza
Day 3: store route
Day 7: outcome definition
Day 14: right owner","Hi Chelvies Coffee team,

The accessible ChelviesCoffee advertiser-page results show individual card ID 1448800300746966 as Active and Sponsored from 07 Sep 2026. Its copy says 'Bengaluru's viral Spiderweb Pizza is here!' and points to Instagram. The standalone card URL returned 403 in my static fetch, so I relied on the direct advertiser-page result.

The public record does not expose private spend, orders or event firing. The published route, info@chelviescoffee.com, is used only to ask for the right owner; I have not assumed it is the paid-media team.

Would you point me to the person responsible for paid-media measurement?

— Smart Pursuit
smartpursuit3@gmail.com | 7095024220","Hi Chelvies Coffee team,

Your official Indiranagar locator has online-order, directions and call routes. I have not inferred that the ad generated a visit or that an event fires on any of those paths.

I have not converted a public ad count, domain query or click path into a performance claim.

Would a short source-linked handoff be useful?

— Smart Pursuit
smartpursuit3@gmail.com | 7095024220","Hi Chelvies Coffee team,

If an account-side review is useful, the internal check would be which order, booking or visit event the team uses and how it is reconciled to the selected card ID. No private records are public.

That is an account-side verification step only, not a claim that anything is missing or underperforming.

Is this the right team to ask?

— Smart Pursuit
smartpursuit3@gmail.com | 7095024220","Hi Chelvies Coffee team,

The published info@ address is identified in the official policy as the Grievance Officer route, not a media-buyer inbox. Please redirect this note to the paid-media measurement owner if appropriate; no outcome estimate is attached.

This is my last note. If this is not the right route, could you point me to the owner of paid-media measurement? No private result has been inferred.

— Smart Pursuit
smartpursuit3@gmail.com | 7095024220",chelvies-coffee-paid-media-measurement-audit.pdf,BATCH 5 — checked 04 OCT 2026
Liliyum Patisserie Cafe,support@liliyum.com,"Day 1: cake order path
Day 3: delivery query
Day 7: local card
Day 14: right owner","Hi Liliyum Patisserie Cafe team,

The Liliyum Patisserie Cafe card 1893067388109477 is shown Active and Sponsored from 18 Jun 2025. It lists cake-product versions with Order Now links to Liliyum's own store. The surrounding page response said unpublished or deleted, so I rely only on the rendered individual-card details.

The public record does not expose private spend, orders or event firing. The published route, support@liliyum.com, is used only to ask for the right owner; I have not assumed it is the paid-media team.

Would you point me to the person responsible for paid-media measurement?

— Smart Pursuit
smartpursuit3@gmail.com | 7095024220","Hi Liliyum Patisserie Cafe team,

The official Contact Us page publishes support@liliyum.com and a Bengaluru operating address. This is first-party context, not evidence of ad targeting or completed orders.

I have not converted a public ad count, domain query or click path into a performance claim.

Would a short source-linked handoff be useful?

— Smart Pursuit
smartpursuit3@gmail.com | 7095024220","Hi Liliyum Patisserie Cafe team,

Google's individual Liliyum creative names Liliyum Patisserie/Bangalore and was last shown 03 Oct; Google's page marks it removed for a policy violation. I do not describe it as current Google activity.

That is an account-side verification step only, not a claim that anything is missing or underperforming.

Is this the right team to ask?

— Smart Pursuit
smartpursuit3@gmail.com | 7095024220","Hi Liliyum Patisserie Cafe team,

If support is not the right place for a measurement note, could you redirect it to the relevant owner? The public sources do not reveal private spend or order outcomes.

This is my last note. If this is not the right route, could you point me to the owner of paid-media measurement? No private result has been inferred.

— Smart Pursuit
smartpursuit3@gmail.com | 7095024220",liliyum-patisserie-cafe-paid-media-measurement-audit.pdf,BATCH 5 — checked 04 OCT 2026
Fish Mart,holdingscitrine@gmail.com,"Day 1: fish mart card
Day 3: menu path
Day 7: order events
Day 14: right contact","Hi Fish Mart team,

The Fish Mart direct library page shows card 530960299819710 as Active and Sponsored from 15 Apr 2025. The individual card label is Quick Fish Shoppe and links to the Fish Mart profile; its seafood creative sends viewers to fishmart.online.

The public record does not expose private spend, orders or event firing. The published route, holdingscitrine@gmail.com, is used only to ask for the right owner; I have not assumed it is the paid-media team.

Would you point me to the person responsible for paid-media measurement?

— Smart Pursuit
smartpursuit3@gmail.com | 7095024220","Hi Fish Mart team,

The official storefront describes FishMart as based in Bengaluru. Its indexed contact block lists holdingscitrine@gmail.com, though static extraction did not render the email; please verify the route before sending. No buyer role is published.

I have not converted a public ad count, domain query or click path into a performance claim.

Would a short source-linked handoff be useful?

— Smart Pursuit
smartpursuit3@gmail.com | 7095024220","Hi Fish Mart team,

The card's See Menu route does not show what the site records as a completed order. Internally, the useful check would be how an agreed order event is mapped to this ad; no orders are inferred here.

That is an account-side verification step only, not a claim that anything is missing or underperforming.

Is this the right team to ask?

— Smart Pursuit
smartpursuit3@gmail.com | 7095024220","Hi Fish Mart team,

If the listed store mailbox is not the right route, please point me to whoever owns paid-media measurement. I have not treated the creative's 'Decade of Excellence' wording as a verified company figure.

This is my last note. If this is not the right route, could you point me to the owner of paid-media measurement? No private result has been inferred.

— Smart Pursuit
smartpursuit3@gmail.com | 7095024220",fish-mart-paid-media-measurement-audit.pdf,BATCH 5 — checked 04 OCT 2026
Mixnosh Art Cafe,mixnosharts@gmail.com,"Day 1: jayanagar booking
Day 3: creative handoff
Day 7: workshop journey
Day 14: right owner","Hi Mixnosh Art Cafe team,

The Mixnosh Art Cafe individual card 1361122659444561 is marked Active and Sponsored, started 07 Jul 2026. It names Jayanagar and HSR and shows Book now to mixnosh.in. The surrounding Meta page response says unpublished or deleted, so I rely only on the card-level details.

The public record does not expose private spend, orders or event firing. The published route, mixnosharts@gmail.com, is used only to ask for the right owner; I have not assumed it is the paid-media team.

Would you point me to the person responsible for paid-media measurement?

— Smart Pursuit
smartpursuit3@gmail.com | 7095024220","Hi Mixnosh Art Cafe team,

Your official contact page lists Jayanagar and HSR locations. That is local business context, not evidence of who saw the card or booked a visit.

I have not converted a public ad count, domain query or click path into a performance claim.

Would a short source-linked handoff be useful?

— Smart Pursuit
smartpursuit3@gmail.com | 7095024220","Hi Mixnosh Art Cafe team,

A visible Book now route does not show what the site counts as a booking, store visit or completed event. I have not inferred results from the click path.

That is an account-side verification step only, not a claim that anything is missing or underperforming.

Is this the right team to ask?

— Smart Pursuit
smartpursuit3@gmail.com | 7095024220","Hi Mixnosh Art Cafe team,

If the published 'Let's Connect' inbox is not the right owner, could you route me to the person responsible for paid-media measurement? No private campaign result is assumed.

This is my last note. If this is not the right route, could you point me to the owner of paid-media measurement? No private result has been inferred.

— Smart Pursuit
smartpursuit3@gmail.com | 7095024220",mixnosh-art-cafe-paid-media-measurement-audit.pdf,BATCH 5 — checked 04 OCT 2026
The Cuisine Story,cuisinestory.info@gmail.com,"Day 1: sarjapur feast
Day 3: whatsapp path
Day 7: reservation source
Day 14: right route","Hi The Cuisine Story team,

The individual card for The Cuisine Story (1443992777603201) is marked Active and Sponsored, started 30 Sep 2026 and names the Sarjapur Bong Feast. Its copy states validity through 15 Oct; the visible Order Now link is a WhatsApp send URL. I have not treated it as a booked table.

The public record does not expose private spend, orders or event firing. The published route, cuisinestory.info@gmail.com, is used only to ask for the right owner; I have not assumed it is the paid-media team.

Would you point me to the person responsible for paid-media measurement?

— Smart Pursuit
smartpursuit3@gmail.com | 7095024220","Hi The Cuisine Story team,

Your homepage lists Kaggadasapura and Sarjapur Road outlets with separate order routes. The direct ad response says the surrounding page is unpublished or deleted, while the individual card renders Active/Sponsored; I only claim the card details.

I have not converted a public ad count, domain query or click path into a performance claim.

Would a short source-linked handoff be useful?

— Smart Pursuit
smartpursuit3@gmail.com | 7095024220","Hi The Cuisine Story team,

A WhatsApp send URL alone does not show a reservation, order or event record. The useful internal check would be how that path is connected to an agreed booking/order event and source-of-record.

That is an account-side verification step only, not a claim that anything is missing or underperforming.

Is this the right team to ask?

— Smart Pursuit
smartpursuit3@gmail.com | 7095024220","Hi The Cuisine Story team,

The public info@ email is not identified as a paid-media buyer; please redirect this note to the right measurement owner if appropriate. I have not assumed offer terms beyond the date printed in the card copy.

This is my last note. If this is not the right route, could you point me to the owner of paid-media measurement? No private result has been inferred.

— Smart Pursuit
smartpursuit3@gmail.com | 7095024220",the-cuisine-story-paid-media-measurement-audit.pdf,BATCH 5 — checked 04 OCT 2026
Sawadee,thethaivegankitchen5@gmail.com,"Day 1: sawadee card
Day 3: maps route
Day 7: reservation records
Day 14: right team","Hi Sawadee team,

The individual Sawadee card 1600729371632852 is shown Active and Sponsored from 24 Sep 2026 and tells the origin story. Its visible Contact us route is a Maps short link; I have not treated it as a reservation or visit.

The public record does not expose private spend, orders or event firing. The published route, thethaivegankitchen5@gmail.com, is used only to ask for the right owner; I have not assumed it is the paid-media team.

Would you point me to the person responsible for paid-media measurement?

— Smart Pursuit
smartpursuit3@gmail.com | 7095024220","Hi Sawadee team,

Your official homepage describes the current Frazer Town restaurant and publishes a franchise/collaboration/partnership email. It describes the Indiranagar location as planned for November, not already open.

I have not converted a public ad count, domain query or click path into a performance claim.

Would a short source-linked handoff be useful?

— Smart Pursuit
smartpursuit3@gmail.com | 7095024220","Hi Sawadee team,

For a measurement review, the internal question would be which record defines a completed reservation, order or visit and how a card ID is matched; no outcome data is public.

That is an account-side verification step only, not a claim that anything is missing or underperforming.

Is this the right team to ask?

— Smart Pursuit
smartpursuit3@gmail.com | 7095024220","Hi Sawadee team,

Because the published inbox is for partnerships rather than paid media, could you redirect this to the measurement owner if that's more appropriate? No performance claim is being made.

This is my last note. If this is not the right route, could you point me to the owner of paid-media measurement? No private result has been inferred.

— Smart Pursuit
smartpursuit3@gmail.com | 7095024220",sawadee-paid-media-measurement-audit.pdf,BATCH 5 — checked 04 OCT 2026
